FIR_Number,Accused_Age,Accused_Gender,Accused_Occupation,Recidivist_Flag,Victim_Age,Victim_Gender
FIR-936/2025-f20d,20,Male,Student,No,58,Male
FIR-392/2026-e99d,20,Female,Private Employee,No,32,Female
FIR-883/2025-9372,38,Male,Student,Yes,20,Male
FIR-632/2025-ed77,27,Male,Student,No,70,Female
FIR-502/2025-a39c,41,Male,Unemployed,No,57,Female
FIR-961/2025-e510,43,Male,Student,Yes,52,Male
FIR-609/2025-6bae,35,Male,Private Employee,Yes,31,Male
FIR-698/2026-84ab,43,Male,Student,No,57,Female
FIR-749/2025-abc6,33,Male,Private Employee,Yes,30,Male
FIR-187/2026-d91c,49,Male,Private Employee,Yes,65,Female
FIR-472/2026-23d2,19,Male,Student,No,26,Female
FIR-666/2025-fd4a,46,Male,Unemployed,No,32,Female
FIR-591/2026-6de4,54,Male,Business,No,40,Female
FIR-623/2025-a466,56,Male,Business,No,67,Male
FIR-555/2026-e0c8,29,Male,Business,No,63,Male
FIR-988/2026-b66d,28,Male,Unemployed,No,61,Female
FIR-918/2025-1e99,60,Female,Laborer,Yes,15,Female
FIR-450/2025-c5b1,40,Male,Business,Yes,53,Female
FIR-891/2025-d1fe,60,Female,Private Employee,No,51,Male
FIR-881/2026-058b,28,Male,Laborer,No,12,Female
FIR-455/2026-5480,30,Male,Unemployed,No,31,Female
FIR-402/2026-b05e,51,Male,Laborer,No,41,Male
FIR-842/2026-7c37,24,Male,Business,Yes,19,Female
FIR-150/2025-9737,44,Male,Student,Yes,66,Male
FIR-556/2025-4e07,41,Male,Business,Yes,51,Male
FIR-429/2026-2d47,44,Male,Laborer,No,29,Female
FIR-862/2026-b187,27,Male,Student,No,62,Male
FIR-327/2025-a4db,54,Male,Laborer,No,22,Female
FIR-980/2025-7d33,53,Unknown,Student,No,11,Male
FIR-809/2026-a581,57,Male,Unemployed,No,66,Male
FIR-231/2025-e7b6,59,Male,Student,No,23,Female
FIR-101/2026-c5f2,40,Male,Unemployed,No,51,Male
FIR-826/2026-4ce8,48,Male,Student,Yes,53,Female
FIR-219/2026-7aee,18,Male,Private Employee,No,10,Male
FIR-686/2025-d1d1,44,Male,Business,Yes,29,Male
FIR-148/2026-c25b,45,Male,Business,No,13,Female
FIR-579/2025-7427,39,Male,Student,No,67,Female
FIR-163/2026-4e19,43,Male,Unemployed,No,33,Female
FIR-777/2025-bca3,43,Male,Student,No,51,Male
FIR-873/2025-ddc3,29,Male,Laborer,No,14,Male
FIR-883/2026-2d06,20,Unknown,Business,No,60,Female
FIR-305/2026-0f29,26,Male,Laborer,No,15,Female
FIR-552/2026-349d,30,Male,Business,Yes,54,Male
FIR-933/2025-02dd,29,Male,Student,No,24,Female
FIR-976/2026-1b2e,44,Male,Unemployed,No,53,Male
FIR-235/2026-62a2,41,Unknown,Business,No,65,Female
FIR-519/2026-da4a,47,Male,Laborer,No,23,Female
FIR-766/2026-5fa4,25,Male,Business,Yes,27,Female
FIR-330/2025-0539,24,Male,Student,Yes,38,Male
FIR-933/2026-7624,44,Male,Unemployed,No,44,Male
FIR-170/2025-84a9,43,Male,Private Employee,No,37,Male
FIR-248/2026-c3ae,39,Male,Private Employee,Yes,23,Female
FIR-629/2026-660f,60,Male,Unemployed,Yes,38,Female
FIR-442/2025-1864,21,Male,Laborer,No,45,Female
FIR-721/2026-18b6,51,Male,Student,No,17,Male
FIR-481/2026-9c42,27,Male,Laborer,No,42,Male
FIR-383/2025-4873,46,Male,Business,Yes,19,Male
FIR-953/2025-9233,51,Male,Student,No,31,Female
FIR-340/2025-96fa,20,Male,Laborer,Yes,46,Female
FIR-587/2025-f705,34,Male,Unemployed,Yes,19,Male
FIR-966/2025-70c1,29,Male,Private Employee,No,69,Male
FIR-580/2025-11aa,57,Male,Business,No,60,Male
FIR-692/2026-d6ca,40,Male,Laborer,No,63,Female
FIR-520/2026-74af,44,Female,Business,No,24,Female
FIR-260/2025-21f8,23,Male,Unemployed,No,12,Male
FIR-635/2025-7d8d,59,Male,Private Employee,Yes,55,Female
FIR-493/2025-2072,45,Female,Laborer,No,58,Male
FIR-387/2025-d678,22,Male,Unemployed,Yes,66,Female
FIR-147/2026-0e4b,57,Male,Private Employee,No,45,Female
FIR-883/2025-13ac,27,Male,Private Employee,No,59,Male
FIR-156/2026-6826,50,Male,Student,No,67,Male
FIR-547/2026-d604,48,Male,Business,No,28,Male
FIR-661/2025-15b5,48,Male,Unemployed,Yes,19,Male
FIR-930/2026-2f6e,49,Male,Unemployed,No,29,Male
FIR-135/2025-d214,52,Male,Student,No,48,Male
FIR-578/2025-10a9,20,Male,Student,Yes,18,Male
FIR-960/2026-9f7a,51,Male,Private Employee,Yes,27,Male
FIR-119/2025-2f42,22,Male,Business,No,16,Female
FIR-564/2025-1571,60,Male,Student,No,52,Male
FIR-645/2026-a233,23,Male,Private Employee,Yes,66,Female
FIR-278/2025-9aa8,47,Male,Student,No,16,Female
FIR-162/2025-a950,59,Male,Private Employee,No,59,Male
FIR-691/2026-c157,40,Male,Private Employee,No,24,Female
FIR-594/2026-17de,44,Male,Laborer,No,43,Female
FIR-516/2026-c501,60,Male,Student,Yes,36,Male
FIR-309/2025-34a7,23,Male,Student,Yes,43,Female
FIR-786/2025-3115,41,Male,Laborer,No,30,Female
FIR-623/2025-3a24,52,Male,Student,No,70,Male
FIR-746/2025-4a6d,43,Male,Business,No,40,Female
FIR-706/2025-a0f0,38,Male,Unemployed,No,37,Male
FIR-950/2026-0951,46,Male,Business,Yes,62,Female
FIR-219/2026-e5f7,22,Unknown,Unemployed,Yes,66,Female
FIR-544/2026-63c2,24,Unknown,Private Employee,No,15,Male
FIR-443/2026-42c5,22,Male,Private Employee,No,47,Male
FIR-725/2026-eb73,20,Male,Private Employee,Yes,35,Male
FIR-916/2026-4590,46,Male,Business,No,13,Male
FIR-276/2025-e4e2,60,Male,Student,Yes,32,Female
FIR-158/2026-79f5,34,Male,Laborer,No,33,Female
FIR-281/2025-f461,40,Unknown,Student,No,70,Male
FIR-181/2026-e83e,60,Male,Laborer,Yes,15,Female
FIR-665/2026-9bc3,50,Male,Student,No,61,Male
FIR-222/2026-7bf7,60,Male,Private Employee,No,11,Female
FIR-258/2025-b0db,40,Male,Student,No,15,Female
FIR-345/2025-c33b,23,Male,Student,No,18,Female
FIR-787/2026-642f,35,Male,Unemployed,No,26,Male
FIR-227/2026-2e71,18,Male,Student,No,35,Male
FIR-217/2026-e953,48,Male,Private Employee,No,42,Female
FIR-254/2026-d576,54,Male,Private Employee,No,38,Male
FIR-590/2025-fb67,56,Male,Student,Yes,62,Female
FIR-414/2026-d68c,47,Male,Student,No,14,Male
FIR-285/2026-1c4e,37,Male,Student,Yes,17,Female
FIR-895/2025-2c04,56,Male,Private Employee,No,16,Male
FIR-453/2025-ad0a,50,Male,Unemployed,No,10,Female
FIR-266/2026-e172,33,Male,Student,No,34,Male
FIR-223/2025-e63e,37,Male,Unemployed,No,36,Female
FIR-701/2026-49eb,53,Male,Unemployed,Yes,58,Female
FIR-101/2026-c4fc,18,Male,Unemployed,No,19,Female
FIR-474/2026-e4dd,24,Female,Laborer,No,56,Male
FIR-462/2026-32cb,55,Male,Student,No,64,Male
FIR-107/2026-8908,45,Male,Laborer,No,61,Male
FIR-515/2025-323c,51,Male,Private Employee,No,53,Female
FIR-427/2026-082d,40,Male,Business,No,44,Female
FIR-838/2025-5f1c,18,Male,Student,No,56,Male
FIR-931/2025-1041,18,Male,Unemployed,No,30,Female
FIR-906/2026-e3cf,32,Male,Business,Yes,24,Female
FIR-762/2025-8b5f,24,Male,Unemployed,No,23,Male
FIR-761/2026-2233,25,Male,Unemployed,No,30,Female
FIR-580/2025-47d9,33,Male,Student,No,22,Male
FIR-776/2026-0385,55,Male,Private Employee,Yes,59,Female
FIR-767/2025-32b8,60,Male,Unemployed,Yes,70,Male
FIR-768/2026-1612,31,Male,Laborer,Yes,52,Male
FIR-821/2025-3852,48,Male,Unemployed,No,10,Female
FIR-502/2025-32d4,52,Male,Private Employee,Yes,38,Male
FIR-259/2025-ff15,49,Male,Business,Yes,47,Female
FIR-267/2025-f8ef,40,Male,Student,No,58,Male
FIR-593/2025-c081,56,Male,Unemployed,Yes,41,Male
FIR-683/2025-872c,24,Male,Private Employee,No,44,Male
FIR-702/2026-f443,38,Male,Student,Yes,32,Male
FIR-766/2026-60f9,49,Female,Laborer,No,36,Male
FIR-825/2025-0bca,47,Male,Laborer,No,37,Female
FIR-999/2026-28ee,40,Male,Unemployed,Yes,19,Male
FIR-392/2026-8d8b,21,Male,Business,No,56,Female
FIR-796/2025-4ec1,19,Male,Unemployed,No,67,Male
FIR-358/2025-0ecf,29,Female,Laborer,Yes,51,Female
FIR-935/2026-33cc,25,Female,Private Employee,Yes,13,Female
FIR-234/2026-7ba1,54,Male,Business,No,26,Female
FIR-431/2026-16a4,41,Male,Student,No,10,Female
FIR-677/2026-27d3,44,Male,Unemployed,No,45,Male
FIR-344/2025-a6a2,28,Female,Unemployed,Yes,68,Male
FIR-973/2025-df50,54,Male,Private Employee,No,14,Female
FIR-718/2025-81d1,53,Male,Business,No,20,Male
FIR-224/2026-6a65,48,Male,Private Employee,No,22,Male
FIR-207/2026-eee6,36,Male,Unemployed,No,11,Female
FIR-873/2026-de59,51,Male,Business,No,40,Male
FIR-410/2026-c1f3,41,Male,Business,Yes,56,Male
FIR-340/2025-2bca,37,Male,Student,No,11,Male
FIR-139/2025-4081,32,Male,Unemployed,No,57,Male
FIR-269/2025-352a,50,Male,Laborer,No,35,Female
FIR-372/2025-d776,50,Male,Unemployed,No,19,Male
FIR-718/2026-ee88,46,Male,Business,No,58,Female
FIR-552/2025-fe6a,60,Male,Private Employee,Yes,22,Female
FIR-824/2026-b51d,55,Male,Student,No,16,Female
FIR-927/2026-0931,45,Male,Laborer,No,46,Male
FIR-738/2026-7647,45,Male,Student,No,36,Male
FIR-728/2025-e0fd,26,Male,Unemployed,No,32,Male
FIR-511/2026-0cda,45,Male,Private Employee,No,58,Male
FIR-527/2026-6596,60,Male,Business,No,58,Female
FIR-617/2025-2ed6,52,Male,Laborer,No,67,Female
FIR-134/2025-f059,45,Male,Business,No,23,Male
FIR-412/2025-6487,52,Male,Laborer,Yes,21,Female
FIR-116/2025-3302,28,Male,Private Employee,No,40,Male
FIR-621/2025-8b46,44,Male,Laborer,Yes,52,Male
FIR-543/2025-6c4e,54,Male,Student,No,35,Female
FIR-256/2025-d4d0,24,Male,Student,No,62,Male
FIR-704/2025-4b0b,48,Female,Student,Yes,38,Female
FIR-201/2025-d2d4,33,Male,Student,Yes,10,Female
FIR-812/2025-3f14,44,Male,Unemployed,No,70,Male
FIR-626/2025-785e,48,Male,Student,No,43,Female
FIR-217/2025-7a7e,43,Female,Business,No,15,Male
FIR-450/2025-7a7c,36,Male,Laborer,No,39,Male
FIR-519/2026-7fc9,36,Male,Unemployed,No,16,Female
FIR-485/2026-5a68,24,Unknown,Unemployed,No,29,Female
FIR-720/2025-da61,49,Male,Business,Yes,33,Female
FIR-692/2025-0ddf,24,Male,Private Employee,No,30,Male
FIR-342/2025-59f4,21,Male,Student,No,52,Male
FIR-231/2025-3876,44,Female,Student,No,39,Male
FIR-838/2025-2ecd,47,Male,Laborer,No,21,Male
FIR-352/2025-cb33,38,Unknown,Unemployed,No,20,Male
FIR-926/2025-d181,56,Male,Unemployed,Yes,26,Female
FIR-802/2026-17a3,45,Male,Private Employee,No,18,Male
FIR-336/2026-7009,35,Male,Business,Yes,61,Female
FIR-879/2025-53c5,23,Male,Private Employee,No,43,Female
FIR-346/2026-3f46,38,Male,Laborer,No,59,Male
FIR-746/2025-c30c,23,Male,Unemployed,No,19,Male
FIR-675/2026-5287,53,Male,Private Employee,No,32,Male
FIR-115/2025-eebe,29,Male,Business,No,56,Male
FIR-638/2025-6e45,60,Male,Business,Yes,65,Female
FIR-471/2026-5063,45,Male,Unemployed,Yes,10,Male
FIR-983/2025-6e69,39,Male,Student,No,51,Male
FIR-674/2026-a0d2,19,Male,Unemployed,No,16,Male
FIR-602/2026-263f,18,Male,Private Employee,No,57,Female
FIR-906/2025-3a0a,58,Male,Unemployed,No,50,Male
FIR-512/2025-cefc,38,Unknown,Private Employee,Yes,33,Male
FIR-307/2026-51d0,22,Male,Private Employee,No,38,Female
FIR-892/2026-b2bd,22,Male,Business,No,42,Female
FIR-715/2026-5fa8,27,Male,Laborer,No,36,Male
FIR-550/2026-77e1,36,Male,Business,No,43,Female
FIR-805/2026-63f0,24,Male,Business,No,28,Male
FIR-672/2026-7b4d,43,Male,Laborer,No,20,Male
FIR-215/2025-0f6f,35,Male,Private Employee,No,59,Male
FIR-412/2025-63e4,19,Male,Private Employee,No,41,Female
FIR-961/2025-71c6,22,Male,Laborer,Yes,26,Female
FIR-277/2026-7390,23,Unknown,Business,No,50,Male
FIR-194/2025-a3f7,54,Male,Unemployed,Yes,40,Female
FIR-296/2026-a143,34,Male,Student,No,52,Male
FIR-668/2025-938d,47,Female,Private Employee,No,36,Male
FIR-588/2025-5611,34,Male,Laborer,No,53,Male
FIR-823/2026-65c9,41,Female,Laborer,Yes,48,Male
FIR-693/2026-f287,24,Female,Private Employee,No,32,Male
FIR-996/2025-ac63,18,Male,Laborer,No,64,Female
FIR-892/2025-cc7a,18,Male,Laborer,No,15,Male
FIR-601/2025-c1ac,44,Male,Business,Yes,18,Male
FIR-793/2025-7a21,31,Female,Business,No,45,Female
FIR-113/2025-747a,21,Male,Private Employee,Yes,42,Male
FIR-912/2026-f715,53,Male,Student,Yes,55,Female
FIR-223/2026-becb,31,Male,Laborer,No,36,Male
FIR-558/2026-4d37,54,Male,Student,Yes,42,Male
FIR-778/2025-7c89,42,Male,Business,No,41,Female
FIR-864/2026-0803,39,Male,Unemployed,Yes,49,Male
FIR-359/2026-5722,33,Unknown,Unemployed,Yes,10,Female
FIR-136/2025-c1d5,41,Male,Laborer,No,24,Female
FIR-353/2025-267b,46,Male,Student,Yes,23,Male
FIR-198/2026-c6f9,52,Male,Unemployed,No,52,Male
FIR-552/2026-b42c,27,Male,Private Employee,No,14,Male
FIR-814/2025-a98d,50,Male,Student,No,57,Male
FIR-290/2025-da06,48,Male,Laborer,No,30,Female
FIR-818/2026-8754,30,Male,Private Employee,No,23,Female
FIR-905/2025-b826,27,Male,Business,No,58,Female
FIR-346/2025-6642,60,Female,Unemployed,Yes,45,Male
FIR-176/2026-406a,42,Male,Business,No,23,Female
FIR-331/2026-131a,40,Male,Laborer,No,58,Male
FIR-925/2025-1730,22,Unknown,Laborer,No,25,Male
FIR-375/2025-1bdf,49,Male,Business,No,47,Female
FIR-463/2026-8e38,25,Female,Private Employee,No,16,Female
FIR-950/2026-73fb,35,Male,Laborer,Yes,56,Male
FIR-576/2025-0aef,55,Male,Private Employee,No,49,Female
FIR-467/2026-25e1,43,Male,Private Employee,No,11,Male
FIR-681/2026-8c54,35,Male,Private Employee,No,57,Female
FIR-869/2026-60f0,35,Male,Student,Yes,39,Male
FIR-443/2025-9eca,51,Male,Business,No,50,Male
FIR-812/2026-fa3c,46,Unknown,Private Employee,Yes,61,Male
FIR-327/2025-1830,54,Male,Business,No,38,Male
FIR-377/2025-a6c6,21,Male,Student,No,11,Female
FIR-398/2025-520d,37,Male,Laborer,No,10,Male
FIR-348/2025-90ac,27,Male,Private Employee,No,24,Male
FIR-440/2026-9f06,21,Male,Laborer,No,57,Male
FIR-947/2025-823d,43,Male,Business,No,45,Male
FIR-909/2025-d173,46,Male,Laborer,Yes,25,Male
FIR-135/2026-1e7b,25,Male,Student,Yes,69,Female
FIR-648/2025-2cd7,40,Male,Unemployed,No,16,Male
FIR-300/2025-4311,40,Male,Student,No,60,Male
FIR-103/2026-ae90,29,Male,Laborer,No,43,Male
FIR-435/2026-adfd,59,Male,Laborer,No,49,Female
FIR-401/2026-0af9,33,Male,Private Employee,No,33,Female
FIR-674/2025-d84d,34,Male,Student,No,38,Male
FIR-123/2026-3ae9,33,Male,Student,Yes,33,Female
FIR-202/2025-cd90,20,Male,Student,No,11,Male
FIR-220/2026-0988,58,Male,Student,No,18,Female
FIR-648/2025-51a5,28,Female,Student,No,43,Female
FIR-544/2026-13dd,53,Male,Business,No,64,Female
FIR-256/2026-5a04,55,Male,Business,Yes,40,Male
FIR-659/2026-0dda,30,Female,Unemployed,No,66,Male
FIR-878/2026-88f4,39,Male,Student,Yes,32,Female
FIR-937/2026-23e3,20,Male,Business,Yes,54,Male
FIR-647/2026-2c94,49,Male,Laborer,No,54,Female
FIR-102/2026-3979,48,Female,Private Employee,No,60,Female
FIR-631/2025-a09d,28,Male,Student,Yes,58,Male
FIR-830/2026-f4ab,50,Male,Laborer,No,54,Male
FIR-122/2026-3ad9,30,Male,Laborer,Yes,30,Female
FIR-396/2025-dd1c,60,Male,Private Employee,Yes,28,Female
FIR-602/2025-03bf,53,Male,Student,Yes,28,Female
FIR-409/2025-0c4d,34,Male,Business,No,63,Female
FIR-533/2025-5371,51,Male,Student,Yes,33,Female
FIR-998/2025-dff5,36,Male,Business,No,49,Female
FIR-584/2026-ce39,49,Male,Business,Yes,38,Female
FIR-654/2025-742f,60,Male,Laborer,Yes,12,Female
FIR-788/2025-d619,55,Male,Unemployed,Yes,26,Female
FIR-474/2026-2558,42,Male,Unemployed,Yes,12,Female
FIR-284/2025-2a8a,51,Male,Student,Yes,33,Female
FIR-119/2026-e341,31,Male,Laborer,No,62,Male
FIR-893/2026-a837,20,Male,Private Employee,Yes,64,Female
FIR-165/2025-8a31,22,Male,Unemployed,Yes,32,Male
FIR-185/2026-4fdf,18,Male,Student,No,46,Female
FIR-356/2026-0f2c,58,Female,Student,No,28,Male
FIR-207/2026-4d4f,58,Male,Unemployed,No,56,Female
FIR-357/2026-9de5,53,Male,Private Employee,No,25,Female
FIR-509/2026-fd13,46,Female,Business,No,58,Female
FIR-263/2026-e8e7,48,Male,Private Employee,No,14,Female
FIR-812/2025-a714,51,Male,Business,No,65,Male
FIR-789/2025-708a,28,Male,Unemployed,No,33,Female
FIR-976/2025-009c,60,Male,Unemployed,No,57,Male
FIR-448/2026-5370,29,Female,Student,No,23,Female
FIR-777/2025-98fa,25,Male,Private Employee,No,51,Male
FIR-904/2026-10ee,31,Male,Private Employee,No,37,Female
FIR-975/2025-f584,40,Male,Laborer,No,59,Male
FIR-971/2026-f0f6,56,Male,Private Employee,No,48,Female
FIR-861/2026-4f4d,25,Male,Laborer,No,35,Female
FIR-603/2026-6ec7,29,Male,Private Employee,No,70,Male
FIR-703/2026-62a4,21,Male,Private Employee,No,22,Female
FIR-480/2025-0597,50,Male,Laborer,Yes,18,Male
FIR-698/2025-74bb,50,Male,Laborer,No,64,Female
FIR-319/2026-0498,57,Male,Business,Yes,41,Female
FIR-349/2026-2373,52,Male,Business,No,39,Female
FIR-743/2025-f25f,39,Male,Private Employee,No,35,Male
FIR-733/2026-1ee2,42,Female,Business,Yes,47,Male
FIR-168/2025-e6cd,30,Male,Private Employee,Yes,12,Male
FIR-983/2026-bfac,60,Male,Student,No,68,Male
FIR-380/2026-c9aa,30,Male,Private Employee,Yes,36,Female
FIR-819/2025-cdf5,51,Male,Private Employee,Yes,56,Female
FIR-144/2026-2c1c,36,Male,Private Employee,No,48,Male
FIR-421/2025-8d60,56,Male,Business,Yes,14,Male
FIR-375/2026-bacb,57,Male,Private Employee,No,36,Male
FIR-746/2026-efd3,30,Male,Student,Yes,10,Male
FIR-849/2026-567d,18,Male,Business,No,18,Male
FIR-966/2026-fdb7,56,Female,Unemployed,No,56,Female
FIR-413/2026-5dd4,30,Male,Laborer,Yes,42,Male
FIR-663/2025-53ac,46,Male,Student,No,44,Male
FIR-847/2026-921c,50,Male,Student,No,32,Female
FIR-363/2025-ded5,34,Male,Unemployed,No,23,Female
FIR-556/2026-a7e0,50,Male,Unemployed,No,30,Male
FIR-764/2026-f46e,43,Male,Unemployed,No,21,Male
FIR-170/2026-e52e,49,Male,Student,Yes,13,Male
FIR-402/2025-690d,46,Male,Student,No,50,Female
FIR-821/2026-430c,33,Male,Private Employee,Yes,57,Male
FIR-724/2026-bc25,57,Male,Student,No,61,Female
FIR-251/2025-3bcf,18,Male,Private Employee,Yes,53,Female
FIR-192/2025-428b,51,Male,Unemployed,Yes,29,Male
FIR-382/2026-3109,41,Male,Laborer,Yes,70,Female
FIR-116/2026-b83f,46,Male,Business,No,41,Male
FIR-140/2025-68d7,19,Male,Business,No,18,Male
FIR-914/2025-e8d5,54,Male,Laborer,No,32,Male
FIR-985/2026-be74,44,Unknown,Student,No,44,Female
FIR-112/2026-29bf,46,Male,Laborer,No,61,Male
FIR-266/2025-3c01,18,Male,Unemployed,No,59,Male
FIR-675/2025-157c,48,Male,Laborer,Yes,37,Male
FIR-169/2026-4b1f,19,Male,Business,No,49,Male
FIR-547/2025-6414,31,Male,Student,No,35,Female
FIR-505/2026-5c15,28,Male,Unemployed,No,46,Female
FIR-850/2025-96c8,53,Male,Laborer,Yes,13,Female
FIR-900/2026-0338,22,Male,Private Employee,Yes,35,Male
FIR-938/2025-c372,46,Male,Unemployed,Yes,68,Male
FIR-977/2025-fdc5,52,Unknown,Student,Yes,12,Male
FIR-276/2026-083a,58,Male,Student,Yes,65,Male
FIR-900/2025-64c9,55,Male,Laborer,No,61,Male
FIR-557/2026-396c,58,Male,Business,Yes,43,Female
FIR-915/2026-2a05,33,Male,Unemployed,No,64,Male
FIR-710/2025-b925,40,Male,Laborer,No,70,Male
FIR-516/2025-883e,54,Male,Student,Yes,52,Male
FIR-296/2026-9573,18,Male,Private Employee,No,14,Male
FIR-799/2026-4650,21,Male,Private Employee,No,49,Female
FIR-969/2026-7011,59,Male,Business,No,40,Female
FIR-389/2026-f33e,38,Male,Private Employee,Yes,32,Female
FIR-779/2025-330c,54,Male,Laborer,No,49,Female
FIR-369/2026-e468,28,Male,Private Employee,No,43,Female
FIR-870/2026-237a,59,Male,Unemployed,No,42,Male
FIR-814/2025-6d0e,21,Male,Private Employee,No,38,Male
FIR-164/2025-c01b,33,Male,Unemployed,No,27,Male
FIR-347/2026-97bd,26,Male,Laborer,No,42,Male
FIR-270/2026-deda,45,Female,Laborer,No,25,Male
FIR-619/2026-c18c,30,Male,Laborer,No,56,Male
FIR-291/2026-0d52,48,Male,Unemployed,Yes,33,Female
FIR-277/2026-2582,37,Male,Unemployed,No,50,Female
FIR-284/2026-863f,48,Male,Laborer,No,70,Male
FIR-616/2026-2a02,33,Male,Student,No,11,Male
FIR-992/2026-edbd,53,Female,Laborer,No,22,Male
FIR-730/2026-66bf,24,Male,Business,Yes,37,Male
FIR-421/2025-d634,43,Male,Private Employee,No,61,Male
FIR-673/2026-d1da,42,Male,Laborer,No,40,Male
FIR-903/2026-0a49,49,Male,Unemployed,No,61,Female
FIR-757/2026-8ba6,27,Male,Unemployed,No,41,Male
FIR-491/2025-d108,48,Female,Student,Yes,62,Male
FIR-880/2025-d24c,54,Male,Unemployed,No,11,Male
FIR-897/2026-6b95,42,Female,Laborer,No,23,Male
FIR-765/2025-df90,50,Male,Student,No,48,Female
FIR-992/2026-9028,56,Male,Business,No,44,Female
FIR-127/2026-f6d0,55,Male,Unemployed,No,45,Male
FIR-905/2026-7636,52,Male,Laborer,No,42,Female
FIR-553/2026-4a39,41,Male,Laborer,Yes,47,Female
FIR-538/2025-1eed,59,Male,Student,Yes,52,Female
FIR-858/2026-8a33,48,Male,Unemployed,No,62,Male
FIR-614/2026-0f05,36,Male,Private Employee,Yes,67,Female
FIR-178/2026-3c05,20,Male,Private Employee,Yes,46,Male
FIR-722/2025-b8ae,35,Male,Student,No,38,Male
FIR-960/2026-2cf2,42,Male,Unemployed,No,37,Male
FIR-615/2025-9b0f,47,Male,Unemployed,No,40,Female
FIR-185/2025-920d,34,Male,Business,Yes,11,Female
FIR-628/2025-5479,38,Male,Private Employee,No,36,Male
FIR-474/2025-cb9a,25,Female,Unemployed,Yes,10,Female
FIR-890/2025-b9ae,18,Male,Private Employee,No,22,Female
FIR-329/2026-67be,40,Male,Private Employee,No,23,Male
FIR-114/2025-2b3d,40,Unknown,Business,No,43,Male
FIR-940/2025-a722,19,Male,Business,No,34,Male
FIR-184/2025-c0b2,18,Male,Business,No,66,Male
FIR-855/2025-aa61,34,Male,Private Employee,No,65,Male
FIR-497/2026-3897,34,Female,Student,Yes,48,Female
FIR-784/2026-911d,19,Female,Student,No,10,Female
FIR-759/2025-1da3,25,Male,Unemployed,No,10,Male
FIR-208/2025-063f,59,Male,Private Employee,No,16,Male
FIR-449/2025-4996,53,Male,Laborer,No,24,Male
FIR-654/2025-3407,58,Male,Student,Yes,38,Male
FIR-101/2026-2861,41,Male,Business,Yes,57,Male
FIR-123/2025-e6b3,55,Male,Laborer,Yes,56,Male
FIR-760/2026-ceaa,50,Male,Laborer,No,11,Male
FIR-660/2026-1eae,20,Male,Laborer,No,51,Male
FIR-505/2025-ff7b,51,Unknown,Student,No,22,Female
FIR-757/2026-ac4f,48,Male,Laborer,No,53,Female
FIR-918/2025-92fe,27,Female,Unemployed,Yes,30,Male
FIR-592/2025-e836,57,Female,Private Employee,No,12,Female
FIR-856/2025-6050,56,Male,Student,Yes,18,Female
FIR-880/2026-abad,55,Male,Student,Yes,18,Female
FIR-304/2025-5954,51,Male,Student,Yes,19,Female
FIR-264/2025-eabd,56,Female,Business,No,70,Female
FIR-826/2025-13b7,52,Male,Laborer,Yes,21,Female
FIR-255/2026-a93c,39,Male,Unemployed,No,22,Female
FIR-421/2026-fcdf,26,Male,Business,No,39,Male
FIR-583/2025-26c6,27,Male,Student,Yes,49,Male
FIR-833/2025-284f,33,Male,Private Employee,No,22,Female
FIR-773/2025-f435,50,Female,Laborer,Yes,24,Female
FIR-826/2026-d5f5,37,Male,Unemployed,No,47,Male
FIR-108/2026-0713,49,Female,Business,No,18,Female
FIR-741/2025-dcf8,24,Male,Unemployed,Yes,11,Female
FIR-156/2025-7fc4,51,Male,Student,No,32,Male
FIR-609/2025-ca2f,24,Male,Laborer,No,57,Male
FIR-641/2025-8e75,53,Male,Unemployed,Yes,33,Female
FIR-613/2026-3b7f,52,Male,Unemployed,Yes,63,Female
FIR-327/2025-5554,37,Male,Student,No,47,Female
FIR-905/2025-3a53,38,Male,Laborer,No,22,Male
FIR-711/2026-6cc1,46,Female,Student,Yes,27,Male
FIR-530/2026-aef4,46,Male,Private Employee,No,29,Female
FIR-526/2025-c7e1,25,Male,Private Employee,No,20,Male
FIR-477/2026-240f,19,Male,Unemployed,Yes,26,Female
FIR-619/2026-e3cc,37,Female,Laborer,No,60,Female
FIR-469/2026-d205,55,Male,Student,No,10,Female
FIR-403/2026-5c89,37,Male,Laborer,No,28,Male
FIR-677/2025-5071,51,Male,Business,No,60,Male
FIR-270/2026-ee28,22,Male,Student,No,17,Female
FIR-257/2025-86a9,41,Male,Private Employee,No,52,Male
FIR-347/2026-b8c1,45,Male,Unemployed,No,37,Male
FIR-287/2026-c1cb,56,Male,Laborer,No,39,Male
FIR-301/2025-3032,58,Male,Business,No,19,Female
FIR-737/2026-9d51,55,Male,Unemployed,No,59,Female
FIR-625/2026-71a0,58,Male,Private Employee,No,59,Male
FIR-738/2025-6f14,22,Female,Unemployed,No,39,Male
FIR-233/2025-efe3,35,Male,Student,No,32,Female
FIR-442/2025-0cba,24,Female,Unemployed,No,23,Male
FIR-995/2025-90df,53,Female,Private Employee,No,28,Female
FIR-258/2026-ac26,34,Male,Private Employee,No,55,Male
FIR-444/2025-6021,58,Male,Business,No,50,Male
FIR-632/2025-d5aa,22,Male,Student,No,17,Female
FIR-868/2026-b9e4,57,Male,Student,No,39,Male
FIR-104/2025-2922,57,Male,Unemployed,No,31,Female
FIR-497/2026-d93d,25,Unknown,Student,Yes,31,Male
FIR-575/2025-9f0b,53,Female,Private Employee,No,47,Male
FIR-218/2026-1dbc,55,Male,Business,Yes,59,Female
FIR-255/2026-170c,60,Male,Laborer,Yes,46,Female
FIR-316/2025-221c,59,Male,Business,No,47,Male
FIR-738/2025-3bd8,34,Unknown,Student,No,68,Male
FIR-222/2025-e7e9,54,Male,Private Employee,No,61,Female
FIR-750/2025-7d7a,29,Male,Laborer,No,59,Male
FIR-464/2025-65a9,44,Male,Unemployed,No,35,Female
FIR-376/2026-951d,19,Female,Unemployed,No,66,Female
FIR-155/2026-1ccc,40,Male,Laborer,Yes,28,Female
FIR-787/2025-102f,35,Male,Student,No,50,Male
FIR-554/2025-0575,58,Male,Unemployed,No,34,Male
FIR-812/2025-59d1,54,Male,Laborer,No,46,Female
FIR-381/2025-c2ce,56,Male,Business,No,54,Male
FIR-741/2026-c30e,28,Female,Student,No,54,Male
FIR-604/2026-c1a2,27,Male,Business,No,53,Male
FIR-223/2026-6d7b,24,Male,Private Employee,Yes,36,Male
FIR-224/2026-2915,58,Male,Business,No,67,Male
FIR-338/2026-f877,39,Male,Unemployed,No,48,Male
FIR-984/2025-6380,22,Female,Student,No,21,Male
FIR-331/2026-e026,33,Male,Laborer,No,45,Female
FIR-429/2026-e0bd,41,Male,Student,No,45,Female
FIR-287/2025-e0e5,46,Male,Unemployed,Yes,51,Female
FIR-618/2026-d339,40,Male,Unemployed,Yes,26,Female
FIR-827/2025-4ec9,23,Male,Laborer,No,24,Male
FIR-307/2025-bc33,35,Male,Business,No,21,Female
FIR-785/2025-534f,26,Male,Student,No,17,Female
FIR-808/2025-6c76,54,Male,Business,No,41,Male
FIR-150/2025-0fe2,31,Female,Laborer,Yes,48,Female
FIR-875/2026-a09e,31,Male,Student,Yes,31,Female
FIR-862/2026-190f,19,Male,Unemployed,No,26,Male
FIR-996/2025-b9b4,49,Male,Private Employee,No,45,Female
FIR-408/2025-d6dd,25,Female,Business,No,58,Female
FIR-260/2026-d90a,59,Male,Private Employee,No,30,Female
FIR-324/2026-419c,47,Female,Unemployed,Yes,36,Female
FIR-195/2026-af66,27,Male,Business,Yes,25,Female
FIR-875/2025-c571,29,Male,Business,No,49,Male
FIR-319/2025-2a2d,28,Male,Student,Yes,36,Male
FIR-175/2025-5ded,52,Male,Business,No,17,Male
FIR-856/2025-ecac,50,Male,Private Employee,No,31,Male
FIR-791/2025-6421,40,Male,Private Employee,No,55,Male
FIR-619/2025-7c1a,54,Male,Private Employee,Yes,17,Female
FIR-750/2025-7744,60,Male,Private Employee,No,65,Female
FIR-855/2025-8153,46,Female,Business,Yes,68,Female
FIR-841/2025-2cba,52,Male,Unemployed,No,37,Male
FIR-838/2025-d739,20,Male,Private Employee,No,11,Male
FIR-254/2025-20d6,37,Female,Business,Yes,30,Female
FIR-449/2026-5906,28,Male,Laborer,No,51,Male
FIR-691/2026-e6e2,27,Male,Private Employee,No,20,Male
FIR-917/2026-3f59,22,Male,Student,Yes,56,Female
FIR-556/2026-20d4,45,Male,Student,Yes,26,Female
FIR-526/2025-06aa,32,Female,Laborer,No,66,Female
FIR-390/2025-727d,38,Male,Laborer,No,50,Male
FIR-141/2025-a3b2,29,Male,Student,Yes,37,Female
FIR-800/2025-6ca9,20,Male,Private Employee,No,38,Female
FIR-200/2025-94f8,34,Male,Laborer,No,43,Male
FIR-690/2026-f927,18,Male,Business,No,15,Female
FIR-610/2026-19d1,37,Male,Student,No,28,Male
FIR-338/2026-f872,43,Male,Laborer,No,46,Female
FIR-142/2026-8b17,40,Unknown,Student,Yes,47,Female
FIR-846/2026-ee2b,42,Female,Student,No,30,Male
FIR-756/2025-ffad,54,Unknown,Student,Yes,65,Male
FIR-583/2026-70ad,52,Male,Student,No,40,Female
FIR-411/2025-6daf,39,Male,Business,No,49,Male
FIR-124/2026-6099,48,Male,Student,No,29,Male
FIR-535/2025-d1d4,59,Male,Business,No,33,Female
FIR-784/2025-a314,23,Male,Private Employee,No,11,Male
FIR-977/2026-c37e,34,Male,Laborer,No,65,Female
FIR-358/2025-c30e,28,Male,Unemployed,No,58,Male
FIR-251/2026-5096,19,Male,Private Employee,No,42,Male
FIR-293/2025-c297,56,Male,Laborer,No,64,Male
FIR-179/2026-b1d1,18,Male,Laborer,No,18,Female
FIR-612/2025-29aa,22,Male,Laborer,No,54,Female
FIR-164/2026-14cf,58,Male,Laborer,No,10,Male
FIR-554/2025-8a69,29,Male,Business,No,33,Male
FIR-471/2026-f7d7,31,Male,Laborer,No,17,Female
FIR-146/2026-76b6,60,Male,Laborer,No,33,Female
FIR-246/2026-7c96,49,Unknown,Private Employee,No,17,Male
FIR-568/2025-5d73,34,Male,Student,No,61,Male
FIR-260/2025-6f89,49,Male,Unemployed,Yes,39,Male
FIR-900/2025-cb03,33,Male,Business,No,54,Female
FIR-274/2026-6347,42,Male,Laborer,No,31,Male
FIR-165/2025-a31b,25,Male,Business,Yes,16,Female
FIR-164/2025-87bb,33,Male,Student,No,31,Male
FIR-248/2025-5af9,46,Male,Student,Yes,59,Female
FIR-795/2025-e0d0,49,Male,Unemployed,Yes,19,Female
FIR-752/2025-5ea1,41,Male,Student,Yes,66,Female
FIR-135/2025-9f6c,50,Male,Laborer,Yes,50,Male
FIR-882/2025-3f87,54,Male,Student,Yes,34,Male
FIR-429/2026-9fc7,27,Male,Business,No,35,Female
FIR-302/2026-7737,31,Male,Private Employee,No,58,Female
FIR-196/2025-708d,33,Male,Laborer,No,22,Female
FIR-405/2026-1969,54,Male,Laborer,No,63,Male
FIR-585/2025-1b7e,50,Male,Student,No,62,Female
FIR-904/2026-04ad,20,Male,Private Employee,No,41,Male
FIR-883/2026-b356,60,Male,Laborer,Yes,33,Male
FIR-283/2026-54d4,21,Male,Business,Yes,32,Male
FIR-851/2026-dfd6,56,Male,Unemployed,No,14,Female
FIR-995/2026-3e36,40,Male,Laborer,No,38,Male
FIR-454/2025-022c,54,Male,Student,No,15,Male
FIR-824/2026-1040,22,Male,Laborer,No,21,Female
FIR-306/2026-507e,29,Male,Student,No,44,Female
FIR-511/2025-006a,55,Male,Private Employee,Yes,36,Male
FIR-366/2026-2a7a,47,Male,Private Employee,Yes,11,Male
FIR-136/2026-9ad6,37,Male,Unemployed,No,30,Male
FIR-559/2025-583a,55,Male,Private Employee,No,59,Female
FIR-248/2026-e4e2,57,Male,Laborer,No,33,Female
FIR-936/2026-6693,42,Male,Laborer,No,31,Female
FIR-179/2026-eb9a,40,Male,Laborer,No,18,Female
FIR-913/2025-b25c,40,Male,Private Employee,No,32,Male
FIR-573/2026-f6e0,53,Male,Private Employee,No,53,Female
FIR-883/2025-fc4e,58,Male,Business,No,65,Female
FIR-447/2025-cf39,58,Female,Student,Yes,32,Male
FIR-599/2025-01be,38,Male,Unemployed,No,56,Female
FIR-343/2026-9a6c,32,Female,Private Employee,No,22,Male
FIR-658/2025-e6a5,29,Male,Unemployed,Yes,34,Male
FIR-752/2025-6350,50,Male,Laborer,Yes,50,Female
FIR-801/2026-c73c,27,Male,Business,No,42,Female
FIR-298/2026-3a5f,40,Male,Laborer,No,38,Male
FIR-959/2026-40f3,45,Female,Student,No,22,Male
FIR-838/2026-d88d,59,Male,Student,Yes,35,Female
FIR-130/2026-cc9a,29,Male,Unemployed,Yes,37,Female
FIR-429/2026-dade,58,Male,Student,No,29,Female
FIR-535/2026-ea71,33,Male,Student,No,56,Female
FIR-177/2025-d570,38,Male,Private Employee,No,19,Male
FIR-136/2026-920b,36,Male,Laborer,No,40,Male
FIR-156/2025-fe2b,55,Male,Laborer,No,50,Male
FIR-800/2026-25a6,20,Male,Student,Yes,54,Female
FIR-465/2026-f5aa,20,Female,Student,No,70,Female
FIR-219/2025-ec71,50,Female,Business,No,34,Male
FIR-520/2025-8a34,26,Female,Unemployed,No,47,Female
FIR-184/2026-ad83,33,Male,Laborer,Yes,36,Female
FIR-176/2026-8675,48,Male,Business,No,46,Female
FIR-471/2025-21ba,53,Male,Student,No,13,Female
FIR-531/2026-7d98,41,Male,Student,Yes,34,Male
FIR-553/2025-02bc,24,Male,Student,Yes,34,Female
FIR-690/2026-5eca,56,Male,Business,No,41,Male
FIR-664/2025-dbe2,34,Female,Unemployed,Yes,65,Male
FIR-499/2025-06a2,31,Male,Student,Yes,30,Female
FIR-704/2025-8112,58,Male,Private Employee,No,22,Male
FIR-288/2026-d412,32,Male,Laborer,No,51,Male
FIR-277/2025-4441,22,Male,Student,Yes,68,Female
FIR-761/2026-6dfd,38,Male,Private Employee,Yes,39,Male
FIR-626/2026-1128,50,Male,Business,Yes,57,Male
FIR-837/2025-84f9,49,Male,Student,No,20,Female
FIR-655/2025-7230,52,Male,Private Employee,Yes,65,Male
FIR-478/2026-877e,42,Female,Private Employee,Yes,35,Male
FIR-160/2025-4393,47,Male,Student,No,67,Female
FIR-516/2025-aebf,44,Male,Laborer,No,65,Female
FIR-968/2025-e28c,33,Male,Laborer,No,57,Male
FIR-374/2025-4c68,38,Male,Private Employee,Yes,12,Female
FIR-684/2026-c590,30,Male,Private Employee,No,50,Male
FIR-950/2026-a4e4,41,Male,Business,No,42,Male
FIR-358/2025-7250,37,Male,Student,No,42,Male
FIR-744/2025-63cd,22,Male,Private Employee,Yes,62,Female
FIR-483/2025-849a,22,Male,Laborer,No,54,Female
FIR-552/2026-9f61,34,Female,Unemployed,Yes,22,Female
FIR-136/2026-19b3,56,Female,Private Employee,No,18,Male
FIR-598/2025-b505,36,Unknown,Unemployed,No,67,Female
FIR-994/2025-7ff3,27,Male,Student,No,35,Male
FIR-424/2026-2777,27,Male,Private Employee,No,15,Male
FIR-346/2025-b37a,55,Male,Student,Yes,33,Male
FIR-649/2026-4bdc,51,Male,Student,No,19,Male
FIR-993/2026-a480,39,Male,Business,No,33,Female
FIR-914/2025-937d,18,Unknown,Private Employee,Yes,55,Male
FIR-366/2026-6075,33,Male,Private Employee,No,44,Female
FIR-174/2026-cc51,55,Male,Laborer,Yes,62,Female
FIR-477/2025-d404,48,Male,Business,No,44,Male
FIR-323/2025-e4c0,49,Female,Private Employee,No,46,Male
FIR-158/2025-cd1e,32,Male,Unemployed,No,34,Female
FIR-677/2026-c345,46,Male,Business,No,13,Female
FIR-662/2026-ecc5,42,Male,Student,Yes,11,Female
FIR-284/2025-b13c,18,Female,Student,No,66,Female
FIR-965/2025-6253,60,Male,Private Employee,No,24,Male
FIR-539/2025-6789,26,Male,Unemployed,Yes,41,Male
FIR-273/2026-3e63,20,Male,Laborer,No,26,Female
FIR-840/2026-6d42,48,Male,Student,No,33,Female
FIR-159/2026-b407,38,Male,Laborer,No,57,Female
FIR-758/2026-2b76,29,Male,Unemployed,No,41,Female
FIR-828/2026-80fa,37,Male,Private Employee,No,43,Female
FIR-482/2026-947a,19,Male,Laborer,No,20,Male
FIR-680/2025-bd9d,51,Female,Laborer,No,23,Female
FIR-580/2025-7295,59,Male,Laborer,No,10,Male
FIR-346/2025-3afb,46,Male,Business,No,16,Male
FIR-543/2025-69f9,57,Male,Private Employee,No,34,Female
FIR-126/2025-8463,20,Male,Laborer,No,18,Female
FIR-574/2025-7c04,59,Male,Private Employee,No,38,Male
FIR-269/2025-831b,21,Male,Business,Yes,46,Male
FIR-120/2026-652b,38,Male,Student,No,36,Male
FIR-375/2025-7a6b,47,Male,Private Employee,No,58,Female
FIR-752/2026-e2e4,28,Male,Private Employee,Yes,23,Male
FIR-508/2025-b1fb,57,Male,Unemployed,No,46,Female
FIR-606/2025-894a,26,Male,Private Employee,Yes,67,Female
FIR-597/2025-72ad,52,Male,Business,No,19,Male
FIR-117/2025-bab3,36,Male,Unemployed,No,40,Female
FIR-884/2025-c8eb,39,Male,Unemployed,No,43,Female
FIR-665/2025-bab9,60,Male,Laborer,No,63,Male
FIR-302/2025-44f2,57,Male,Laborer,No,47,Female
FIR-447/2026-58b0,27,Unknown,Business,No,66,Female
FIR-253/2025-0124,60,Male,Business,No,15,Female
FIR-636/2026-39bd,56,Male,Laborer,No,46,Male
FIR-571/2026-90f2,43,Male,Laborer,Yes,16,Male
FIR-393/2026-16b6,39,Male,Laborer,No,10,Female
FIR-188/2025-8182,33,Male,Student,No,67,Female
FIR-173/2025-5b5c,19,Male,Business,Yes,68,Male
FIR-417/2026-b10a,50,Male,Student,Yes,28,Female
FIR-996/2026-05c6,19,Male,Unemployed,No,24,Female
FIR-864/2026-42c5,48,Male,Student,No,54,Female
FIR-504/2025-b0f6,28,Male,Business,Yes,12,Female
FIR-233/2026-aa2a,34,Male,Unemployed,No,13,Male
FIR-896/2025-4473,36,Male,Student,Yes,35,Male
FIR-658/2025-d810,58,Male,Private Employee,No,22,Female
FIR-378/2025-e0be,48,Unknown,Business,Yes,28,Male
FIR-528/2026-3d5b,23,Male,Unemployed,No,17,Female
FIR-419/2025-ea3c,40,Male,Unemployed,No,60,Male
FIR-432/2025-7b1f,29,Male,Laborer,No,12,Male
FIR-661/2026-6ccc,53,Male,Business,No,37,Female
FIR-857/2025-edcb,54,Male,Business,No,64,Male
FIR-284/2026-cdd6,45,Male,Laborer,Yes,31,Male
FIR-628/2025-c60f,19,Male,Business,Yes,36,Female
FIR-780/2026-bbc9,43,Male,Private Employee,No,64,Male
FIR-311/2025-120e,44,Male,Business,No,64,Female
FIR-592/2025-dd78,40,Male,Business,No,28,Female
FIR-537/2025-c880,32,Unknown,Student,No,16,Male
FIR-678/2026-1dbd,48,Female,Business,Yes,27,Male
FIR-125/2026-5196,30,Female,Private Employee,No,68,Male
FIR-698/2025-45a8,19,Male,Unemployed,Yes,67,Female
FIR-468/2026-7ab6,38,Male,Private Employee,No,65,Female
FIR-315/2025-21c5,45,Male,Private Employee,Yes,12,Male
FIR-739/2025-6d6d,37,Male,Business,No,11,Female
FIR-361/2026-627d,56,Male,Student,No,59,Female
FIR-574/2026-7645,19,Male,Business,No,40,Female
FIR-561/2026-4f3c,30,Male,Business,Yes,16,Female
FIR-787/2026-f63f,31,Female,Private Employee,No,56,Female
FIR-334/2026-c7bf,24,Male,Business,Yes,61,Female
FIR-626/2026-73d4,23,Female,Private Employee,No,22,Male
FIR-187/2025-72e9,56,Male,Unemployed,No,18,Male
FIR-358/2025-3563,49,Male,Private Employee,No,43,Male
FIR-341/2025-d3df,45,Male,Laborer,No,16,Female
FIR-902/2025-fb9f,37,Male,Unemployed,No,33,Female
FIR-205/2026-6dcf,55,Male,Laborer,No,64,Male
FIR-803/2026-966d,19,Male,Unemployed,No,17,Male
FIR-885/2026-105d,35,Male,Student,No,53,Female
FIR-368/2026-b07b,43,Female,Private Employee,No,24,Female
FIR-713/2025-3362,33,Female,Business,Yes,33,Female
FIR-609/2026-afc2,44,Male,Laborer,No,14,Male
FIR-916/2026-0a39,52,Male,Unemployed,Yes,36,Female
FIR-577/2026-a531,43,Male,Business,No,65,Male
FIR-549/2026-c507,20,Male,Laborer,No,66,Female
FIR-363/2025-dda5,39,Male,Business,No,48,Male
FIR-457/2026-762c,37,Male,Unemployed,Yes,43,Female
FIR-146/2026-ec45,49,Male,Private Employee,No,65,Female
FIR-522/2025-12aa,43,Male,Private Employee,No,12,Female
FIR-263/2025-b508,43,Male,Laborer,Yes,24,Male
FIR-887/2026-3464,39,Male,Student,No,57,Male
FIR-447/2025-f1c4,31,Male,Business,No,67,Male
FIR-960/2025-2b89,20,Female,Student,No,34,Male
FIR-116/2025-bf18,20,Male,Laborer,No,56,Female
FIR-863/2025-304e,29,Male,Student,No,48,Female
FIR-360/2025-4b97,20,Male,Business,Yes,60,Male
FIR-127/2026-dda4,54,Female,Private Employee,Yes,26,Female
FIR-108/2026-3f24,23,Male,Student,No,21,Female
FIR-353/2026-15cd,59,Male,Unemployed,No,15,Male
FIR-461/2025-cbcd,38,Male,Student,Yes,69,Female
FIR-436/2025-3462,34,Female,Student,No,20,Female
FIR-224/2025-af39,44,Male,Student,No,65,Male
FIR-567/2026-f3c3,24,Male,Student,No,35,Male
FIR-943/2025-29e2,43,Male,Private Employee,No,12,Male
FIR-199/2025-93e7,41,Male,Private Employee,No,49,Female
FIR-817/2026-6de4,27,Male,Unemployed,No,12,Male
FIR-862/2026-e033,36,Male,Student,No,41,Female
FIR-722/2025-80c0,53,Male,Laborer,No,37,Male
FIR-703/2025-35b4,33,Male,Laborer,No,24,Female
FIR-675/2025-0e6f,37,Male,Student,No,38,Male
FIR-976/2025-0244,35,Male,Business,Yes,28,Male
FIR-122/2026-e0d1,27,Male,Laborer,No,69,Female
FIR-242/2025-a83c,35,Male,Student,No,36,Female
FIR-400/2026-6126,53,Male,Unemployed,No,67,Male
FIR-386/2025-43ff,52,Male,Business,Yes,50,Female
FIR-454/2026-39c4,31,Male,Student,Yes,28,Male
FIR-456/2026-383d,24,Male,Private Employee,No,57,Male
FIR-522/2026-c35e,51,Male,Laborer,No,19,Female
FIR-216/2025-e3c5,53,Male,Unemployed,Yes,27,Female
FIR-646/2026-c00a,43,Male,Business,No,25,Female
FIR-395/2026-9253,26,Male,Business,Yes,30,Female
FIR-720/2025-78bc,18,Male,Laborer,No,34,Male
FIR-516/2026-74d5,24,Male,Business,No,23,Male
FIR-825/2026-8644,49,Male,Business,Yes,16,Male
FIR-469/2025-55dd,53,Male,Unemployed,No,28,Female
FIR-456/2025-be19,34,Male,Student,Yes,25,Male
FIR-289/2026-2faf,52,Unknown,Student,No,39,Female
FIR-876/2025-169f,56,Male,Unemployed,No,43,Male
FIR-205/2026-d042,51,Male,Business,No,46,Male
FIR-644/2026-9c0e,25,Male,Unemployed,No,31,Female
FIR-299/2026-a405,31,Male,Private Employee,No,20,Female
FIR-233/2025-2f47,40,Male,Private Employee,No,51,Male
FIR-906/2025-ec35,54,Female,Laborer,No,49,Female
FIR-987/2025-2c6d,28,Male,Private Employee,No,62,Male
FIR-636/2025-1be3,32,Male,Student,Yes,53,Female
FIR-668/2026-11b4,34,Female,Business,No,52,Male
FIR-871/2026-210b,57,Male,Laborer,Yes,21,Male
FIR-267/2026-f321,50,Male,Unemployed,Yes,58,Female
FIR-972/2025-d90d,58,Male,Unemployed,No,54,Male
FIR-578/2025-8618,46,Unknown,Unemployed,No,43,Male
FIR-396/2025-b2fd,36,Male,Private Employee,No,65,Female
FIR-176/2025-0b6c,42,Female,Business,Yes,54,Male
FIR-327/2025-4918,27,Unknown,Laborer,No,55,Male
FIR-406/2025-d3a1,41,Male,Laborer,Yes,65,Female
FIR-771/2026-be7e,44,Male,Student,Yes,49,Female
FIR-516/2025-c998,55,Male,Unemployed,No,58,Female
FIR-538/2026-27ed,53,Male,Private Employee,No,24,Male
FIR-624/2025-03f9,23,Female,Private Employee,No,70,Male
FIR-226/2025-51ec,20,Male,Laborer,Yes,22,Male
FIR-550/2025-6ffd,39,Male,Business,Yes,56,Female
FIR-135/2025-a46e,39,Male,Business,No,57,Female
FIR-397/2026-1f77,33,Male,Business,No,25,Male
FIR-479/2026-9e60,33,Male,Laborer,No,32,Male
FIR-628/2025-7f0a,39,Female,Laborer,No,48,Female
FIR-576/2026-12f9,58,Male,Private Employee,Yes,51,Male
FIR-449/2026-8a78,22,Female,Student,No,62,Female
FIR-386/2025-b6b8,31,Male,Laborer,Yes,43,Male
FIR-940/2025-9063,43,Male,Unemployed,Yes,42,Female
FIR-485/2025-9c71,33,Male,Unemployed,No,19,Female
FIR-524/2025-cb4d,33,Male,Laborer,No,26,Female
FIR-254/2026-6633,34,Male,Unemployed,No,33,Male
FIR-688/2025-06cd,51,Male,Private Employee,No,23,Female
FIR-892/2026-7bd0,40,Male,Business,No,39,Female
FIR-576/2025-996e,43,Male,Business,Yes,67,Male
FIR-980/2025-f5fb,26,Male,Unemployed,No,20,Male
FIR-623/2025-0f4e,56,Male,Business,Yes,45,Male
FIR-114/2026-5ca8,29,Male,Private Employee,No,12,Male
FIR-847/2026-9cdb,58,Male,Private Employee,Yes,17,Male
FIR-917/2026-86ac,57,Male,Student,No,38,Female
FIR-344/2026-c866,46,Male,Private Employee,No,56,Female
FIR-783/2025-8154,51,Male,Unemployed,No,49,Female
FIR-400/2025-979b,31,Male,Unemployed,Yes,53,Female
FIR-967/2026-107a,20,Male,Business,No,51,Female
FIR-107/2025-8837,46,Male,Private Employee,No,69,Female
FIR-731/2025-e9dd,20,Male,Laborer,No,25,Male
FIR-178/2026-7572,19,Female,Student,No,69,Female
FIR-587/2026-f807,48,Male,Private Employee,No,11,Male
FIR-354/2026-c5f6,26,Female,Student,No,35,Male
FIR-616/2025-0993,55,Male,Student,No,69,Female
FIR-786/2026-5c91,54,Male,Laborer,No,39,Female
FIR-926/2025-7d25,19,Male,Unemployed,No,57,Female
FIR-671/2025-da9c,19,Male,Student,Yes,66,Male
FIR-245/2026-8804,40,Male,Student,No,34,Male
FIR-949/2025-9e44,38,Male,Unemployed,Yes,40,Male
FIR-759/2026-c007,51,Male,Unemployed,Yes,21,Male
FIR-447/2025-4c77,46,Male,Laborer,Yes,31,Male
FIR-977/2026-c01d,51,Male,Private Employee,No,36,Male
FIR-570/2026-e218,29,Male,Student,No,40,Female
FIR-166/2025-d44f,34,Male,Student,No,60,Male
FIR-332/2025-9e60,40,Male,Private Employee,Yes,14,Female
FIR-277/2025-199c,43,Male,Private Employee,No,50,Female
FIR-110/2026-7d79,58,Unknown,Business,Yes,62,Female
FIR-272/2025-2e41,56,Male,Student,No,63,Male
FIR-138/2025-d3f0,39,Female,Unemployed,Yes,27,Female
FIR-316/2026-ba4b,26,Male,Laborer,Yes,25,Male
FIR-288/2026-97de,18,Female,Business,Yes,15,Male
FIR-345/2025-9282,34,Male,Unemployed,No,62,Female
FIR-956/2026-d1ad,52,Female,Private Employee,Yes,20,Male
FIR-853/2025-2f3c,52,Male,Private Employee,No,48,Male
FIR-257/2026-55e8,57,Male,Student,No,32,Female
FIR-404/2025-f42c,39,Male,Business,Yes,32,Male
FIR-725/2026-3f28,52,Male,Student,No,56,Male
FIR-629/2025-eae2,57,Male,Business,No,43,Female
FIR-242/2025-8d09,39,Male,Laborer,No,36,Male
FIR-754/2026-be8c,57,Female,Student,Yes,58,Female
FIR-683/2026-cd2e,35,Male,Private Employee,No,54,Male
FIR-910/2026-3e80,18,Female,Student,Yes,55,Female
FIR-628/2026-5c0b,57,Male,Student,No,25,Male
FIR-186/2026-1118,32,Male,Student,Yes,21,Male
FIR-212/2026-9c79,33,Male,Business,Yes,11,Male
FIR-832/2025-7af7,38,Male,Business,Yes,17,Male
FIR-687/2025-e419,33,Male,Private Employee,Yes,64,Male
FIR-640/2025-9680,56,Male,Business,No,15,Female
FIR-769/2026-7031,20,Male,Laborer,Yes,56,Female
FIR-715/2025-6bb2,35,Unknown,Unemployed,Yes,46,Female
FIR-200/2025-bd1d,21,Male,Laborer,No,67,Female
FIR-472/2026-7637,48,Unknown,Student,Yes,15,Female
FIR-953/2025-dfea,50,Male,Business,No,11,Female
FIR-689/2025-7617,52,Male,Private Employee,No,17,Female
FIR-318/2026-1e6f,19,Male,Business,Yes,57,Female
FIR-573/2025-2414,23,Male,Unemployed,No,35,Female
FIR-804/2026-1693,56,Male,Student,Yes,69,Female
FIR-824/2025-f178,42,Male,Private Employee,No,70,Male
FIR-980/2026-d9c0,41,Female,Laborer,Yes,42,Male
FIR-181/2026-59bd,39,Male,Student,No,56,Male
FIR-990/2025-d349,24,Male,Private Employee,No,57,Male
FIR-989/2026-f1b8,40,Male,Unemployed,No,43,Male
FIR-371/2026-5057,59,Male,Private Employee,No,63,Male
FIR-641/2026-0dda,37,Male,Student,No,62,Male
FIR-891/2025-8e0a,43,Male,Student,No,68,Female
FIR-569/2026-072b,19,Male,Laborer,No,26,Female
FIR-268/2026-ffd6,41,Male,Laborer,No,14,Female
FIR-812/2025-a40c,46,Male,Business,No,57,Female
FIR-594/2026-8ef6,29,Male,Private Employee,No,16,Female
FIR-146/2025-e3c8,60,Male,Laborer,No,16,Male
FIR-284/2025-503d,57,Male,Unemployed,Yes,36,Male
FIR-310/2026-1d47,38,Male,Student,Yes,51,Male
FIR-822/2025-3196,60,Male,Business,Yes,18,Male
FIR-381/2025-e573,37,Male,Unemployed,No,38,Male
FIR-443/2025-81d1,40,Male,Unemployed,No,31,Female
FIR-455/2026-2b7e,57,Male,Laborer,No,12,Female
FIR-228/2025-391a,22,Male,Unemployed,No,15,Female
FIR-486/2026-6b09,45,Male,Business,Yes,65,Female
FIR-401/2025-7a68,46,Male,Student,No,65,Female
FIR-247/2025-d3e0,33,Male,Business,No,52,Male
FIR-571/2026-2d46,22,Male,Business,No,58,Male
FIR-364/2026-719e,48,Male,Private Employee,No,56,Male
FIR-706/2026-b6de,26,Male,Laborer,No,14,Female
FIR-298/2025-1bcc,34,Male,Unemployed,No,19,Female
FIR-523/2026-fc54,48,Male,Laborer,No,33,Male
FIR-855/2025-47f1,33,Male,Student,Yes,54,Male
FIR-304/2026-1938,37,Male,Student,Yes,10,Female
FIR-515/2026-ce74,55,Male,Unemployed,No,26,Male
FIR-836/2025-2332,30,Female,Unemployed,No,47,Male
FIR-920/2025-164c,34,Male,Private Employee,No,18,Male
FIR-387/2025-797f,28,Male,Student,No,19,Male
FIR-574/2026-d025,30,Male,Unemployed,No,50,Female
FIR-777/2026-d365,44,Male,Unemployed,Yes,16,Female
FIR-514/2025-b993,59,Male,Unemployed,Yes,32,Male
FIR-412/2026-452e,43,Male,Business,No,37,Male
FIR-126/2025-5f66,53,Male,Private Employee,No,17,Male
FIR-109/2026-8104,24,Male,Laborer,No,13,Female
FIR-154/2026-5fca,38,Male,Business,No,21,Male
FIR-170/2025-9438,52,Male,Student,No,14,Female
FIR-803/2026-a6b3,58,Female,Laborer,No,39,Female
FIR-996/2025-7d0d,59,Male,Private Employee,No,41,Male
FIR-411/2026-6544,32,Male,Laborer,Yes,69,Female
FIR-354/2025-e5c9,23,Male,Unemployed,No,15,Female
FIR-112/2025-1d87,49,Male,Business,Yes,54,Female
FIR-180/2025-9800,47,Male,Laborer,No,14,Female
FIR-164/2026-a73f,34,Male,Student,Yes,53,Male
FIR-461/2026-7cd7,38,Male,Unemployed,No,23,Male
FIR-407/2026-91f3,57,Male,Business,No,48,Female
FIR-120/2026-3141,35,Male,Private Employee,Yes,18,Female
FIR-142/2026-445d,43,Male,Laborer,Yes,35,Male
FIR-636/2025-4514,30,Male,Private Employee,No,21,Female
FIR-574/2026-d519,19,Male,Student,Yes,66,Female
FIR-559/2025-54a6,24,Male,Laborer,Yes,18,Female
FIR-297/2026-c16a,55,Male,Business,No,40,Male
FIR-912/2025-4a22,29,Male,Laborer,No,45,Female
FIR-708/2026-43a7,32,Male,Laborer,No,11,Female
FIR-719/2026-11f7,30,Male,Student,No,67,Female
FIR-963/2026-779b,40,Male,Private Employee,Yes,64,Male
FIR-955/2025-e7aa,24,Male,Business,No,55,Female
FIR-831/2026-220d,57,Male,Unemployed,No,64,Female
FIR-987/2025-cc50,54,Male,Laborer,Yes,49,Male
FIR-269/2026-c6a1,33,Male,Private Employee,No,14,Male
FIR-754/2026-7c81,27,Male,Private Employee,No,60,Male
FIR-365/2025-9424,20,Male,Student,No,21,Male
FIR-907/2025-82c8,45,Male,Business,Yes,23,Female
FIR-791/2025-4e71,45,Male,Unemployed,No,16,Female
FIR-750/2026-9b81,30,Male,Student,No,57,Female
FIR-308/2026-2547,37,Female,Unemployed,No,30,Female
FIR-350/2025-62cf,59,Female,Student,No,49,Male
FIR-447/2026-a1ba,38,Male,Unemployed,Yes,44,Female
FIR-167/2025-9d8f,41,Female,Laborer,No,62,Male
FIR-561/2025-cbe4,28,Male,Student,Yes,63,Male
FIR-445/2026-6b15,59,Male,Unemployed,No,17,Female
FIR-498/2025-17a8,18,Male,Unemployed,No,25,Female
FIR-596/2025-85f7,38,Male,Business,No,31,Male
FIR-714/2025-ff56,54,Male,Private Employee,No,63,Female
FIR-808/2026-bd22,54,Male,Laborer,No,12,Female
FIR-937/2025-6047,48,Male,Student,No,10,Male
FIR-683/2025-d4f7,19,Male,Private Employee,No,23,Male
FIR-745/2026-3828,52,Male,Business,Yes,69,Female
FIR-885/2025-f409,18,Male,Unemployed,No,44,Male
FIR-673/2026-db0f,39,Male,Student,No,15,Male
FIR-400/2026-92d6,47,Female,Student,Yes,67,Female
FIR-795/2025-1109,46,Male,Private Employee,Yes,44,Female
FIR-977/2026-638f,43,Male,Business,No,29,Female
FIR-693/2025-e0d7,55,Unknown,Unemployed,No,62,Female
FIR-770/2026-4707,57,Male,Student,Yes,43,Female
FIR-959/2026-9c50,56,Male,Business,No,29,Female
FIR-561/2026-06d7,22,Male,Private Employee,Yes,44,Male
FIR-244/2026-44b3,51,Male,Business,No,47,Female
FIR-314/2026-3577,40,Male,Unemployed,No,62,Female
FIR-212/2026-7a19,21,Male,Business,No,42,Male
FIR-198/2026-5742,48,Male,Business,No,26,Female
FIR-260/2025-bc02,28,Male,Student,No,50,Male
FIR-369/2026-7030,52,Male,Unemployed,No,61,Male
FIR-779/2026-3dd0,58,Male,Laborer,No,12,Female
FIR-940/2025-2ec5,47,Male,Private Employee,No,43,Female
FIR-942/2026-bad5,38,Male,Laborer,No,31,Male
FIR-545/2026-d77e,30,Male,Business,Yes,29,Male
FIR-458/2025-7ef8,29,Male,Student,No,42,Female
FIR-481/2025-d11f,24,Male,Laborer,No,58,Male
FIR-476/2025-0e75,24,Male,Laborer,Yes,54,Female
FIR-429/2025-8101,36,Male,Unemployed,No,46,Female
FIR-403/2026-c8af,41,Male,Student,No,36,Male
FIR-384/2026-beba,35,Male,Laborer,No,64,Female
FIR-764/2026-a223,31,Male,Unemployed,No,47,Male
FIR-920/2025-4f70,47,Male,Business,No,37,Male
FIR-105/2025-583c,20,Male,Student,No,59,Female
FIR-577/2026-0437,36,Male,Private Employee,No,29,Male
FIR-932/2026-1f03,46,Male,Unemployed,No,60,Male
FIR-960/2025-0558,47,Male,Unemployed,Yes,35,Male
FIR-601/2026-65df,48,Male,Laborer,Yes,62,Male
FIR-464/2025-ed5d,37,Male,Student,No,14,Female
FIR-717/2026-f93f,20,Male,Laborer,No,29,Male
FIR-467/2026-2778,25,Male,Private Employee,No,50,Male
FIR-248/2026-e0de,56,Female,Private Employee,Yes,51,Female
FIR-563/2026-fdbf,52,Male,Laborer,No,28,Male
FIR-337/2026-8611,39,Male,Private Employee,No,19,Male
FIR-142/2025-8d13,35,Male,Unemployed,No,20,Male
FIR-272/2026-2fbe,44,Male,Laborer,No,13,Male
FIR-172/2025-8e6d,28,Female,Student,No,62,Male
FIR-203/2025-8ce4,33,Male,Business,Yes,40,Female
FIR-610/2026-0c8b,43,Female,Private Employee,Yes,28,Female
FIR-258/2026-9024,52,Male,Business,Yes,35,Male
FIR-495/2026-730f,35,Male,Private Employee,Yes,17,Male
FIR-941/2026-fafd,55,Male,Laborer,Yes,25,Female
FIR-901/2025-8a5e,26,Male,Laborer,Yes,37,Male
FIR-850/2025-8c1d,27,Male,Private Employee,No,37,Male
FIR-371/2026-e398,41,Male,Laborer,No,47,Male
FIR-382/2025-2800,40,Unknown,Private Employee,No,47,Female
FIR-465/2025-20a1,56,Female,Unemployed,No,63,Male
FIR-517/2025-c012,21,Male,Student,No,24,Male
FIR-839/2026-e99e,22,Male,Business,No,40,Male
FIR-917/2025-3f58,53,Male,Laborer,No,14,Female
FIR-624/2026-5b45,38,Male,Unemployed,No,36,Male
FIR-367/2026-b837,25,Male,Private Employee,Yes,70,Male
FIR-313/2025-ce40,30,Female,Business,No,30,Female
FIR-455/2025-3c66,37,Male,Unemployed,No,25,Female
FIR-346/2025-9008,28,Male,Business,No,42,Male
FIR-157/2026-3b6b,57,Male,Unemployed,No,18,Male
FIR-437/2025-14ec,48,Male,Student,No,16,Female
FIR-932/2026-c84a,40,Male,Business,No,58,Female
FIR-321/2025-4516,25,Male,Unemployed,No,54,Male
FIR-658/2025-2468,46,Female,Business,No,66,Female
FIR-661/2026-d679,47,Male,Business,No,55,Male
FIR-348/2025-91e9,50,Male,Unemployed,No,30,Female
FIR-345/2025-32c7,38,Male,Unemployed,Yes,11,Male
FIR-211/2025-80c4,38,Male,Student,Yes,28,Female
FIR-942/2025-8a06,45,Male,Private Employee,No,33,Male
FIR-532/2026-da6f,47,Female,Student,No,44,Female
FIR-329/2026-59a1,56,Male,Student,No,36,Male
FIR-527/2025-c264,43,Male,Student,No,39,Female
FIR-683/2026-698d,30,Male,Unemployed,No,49,Male
FIR-811/2026-bf29,30,Male,Laborer,No,70,Male
FIR-840/2025-0fe6,45,Male,Student,No,21,Female
FIR-143/2026-e1cd,53,Male,Private Employee,Yes,69,Male
FIR-584/2025-8ecf,44,Male,Business,No,11,Female
FIR-391/2026-2b84,45,Male,Business,No,39,Male
FIR-411/2025-37eb,45,Female,Unemployed,No,37,Male
FIR-676/2026-d312,52,Male,Private Employee,No,23,Female
FIR-908/2025-3516,37,Male,Private Employee,Yes,46,Female
FIR-618/2025-a2d0,23,Male,Laborer,No,33,Male
FIR-872/2026-d85b,31,Male,Private Employee,No,45,Male
FIR-441/2026-d7ff,48,Male,Private Employee,No,15,Male
FIR-653/2026-ae83,39,Male,Laborer,Yes,41,Female
FIR-394/2025-10f5,52,Unknown,Unemployed,Yes,14,Male
FIR-127/2026-9289,19,Male,Student,Yes,66,Female
FIR-214/2025-8aca,49,Male,Private Employee,Yes,19,Male
FIR-660/2025-e9c9,58,Male,Business,No,37,Female
FIR-712/2026-b8f5,53,Female,Laborer,Yes,66,Female
FIR-213/2026-0606,51,Male,Unemployed,No,53,Female
FIR-836/2026-3a47,60,Male,Student,No,10,Male
FIR-503/2026-1825,45,Male,Student,No,51,Female
FIR-170/2026-4eaf,27,Male,Unemployed,No,36,Male
FIR-673/2026-f709,46,Male,Student,No,22,Female
FIR-222/2025-a604,48,Female,Laborer,No,55,Male
FIR-452/2026-1bfc,45,Male,Private Employee,No,25,Female
FIR-651/2025-59b6,33,Male,Student,No,40,Female
FIR-854/2026-f6ae,44,Male,Student,No,52,Female
FIR-469/2026-feff,38,Male,Business,No,12,Female
FIR-327/2026-d28d,44,Male,Unemployed,No,60,Female
FIR-309/2025-8d4a,25,Male,Private Employee,Yes,67,Male
FIR-339/2025-ee3a,40,Male,Student,No,23,Female
FIR-401/2026-a690,20,Male,Private Employee,No,27,Female
FIR-408/2026-a122,39,Female,Private Employee,No,53,Male
FIR-840/2026-73fb,33,Male,Unemployed,No,26,Male
FIR-773/2025-6a87,18,Male,Private Employee,Yes,43,Male
FIR-163/2025-ef3f,24,Male,Business,Yes,18,Female
FIR-846/2026-2c58,57,Male,Private Employee,No,68,Female
FIR-768/2026-6569,41,Male,Business,No,22,Male
FIR-844/2026-c680,27,Male,Student,Yes,13,Male
FIR-286/2026-a312,19,Male,Student,Yes,70,Male
FIR-268/2025-a4c3,48,Male,Laborer,Yes,13,Male
FIR-155/2026-ce2b,21,Unknown,Unemployed,Yes,32,Male
FIR-536/2025-cb43,58,Unknown,Private Employee,No,37,Female
FIR-740/2025-cce6,51,Male,Business,No,28,Male
FIR-384/2025-7603,58,Male,Unemployed,No,49,Female
FIR-642/2026-55a4,38,Male,Business,No,51,Male
FIR-197/2026-9a21,58,Male,Unemployed,No,40,Male
FIR-791/2026-575b,45,Male,Laborer,No,53,Male
FIR-953/2025-9503,51,Female,Private Employee,Yes,44,Male
FIR-859/2026-0a80,42,Male,Unemployed,No,61,Female
FIR-404/2026-bd20,56,Unknown,Unemployed,No,25,Male
FIR-103/2025-682a,56,Male,Private Employee,Yes,19,Female
FIR-919/2026-6a9d,58,Male,Laborer,Yes,55,Female
FIR-313/2025-63c6,55,Male,Student,No,26,Female
FIR-609/2025-b461,57,Male,Business,No,70,Female
FIR-788/2025-ed3e,55,Unknown,Private Employee,No,60,Female
FIR-419/2026-c6fa,37,Unknown,Unemployed,Yes,19,Male
FIR-812/2025-3cd1,44,Male,Private Employee,No,45,Female
FIR-790/2026-b195,57,Male,Private Employee,Yes,40,Male
FIR-368/2026-7214,33,Male,Business,No,62,Female
FIR-785/2025-8e5d,33,Male,Business,No,60,Female
FIR-969/2026-4e2d,54,Male,Laborer,No,39,Female
FIR-479/2026-e086,56,Male,Unemployed,Yes,28,Female
FIR-927/2025-b3f2,55,Female,Private Employee,No,54,Male
FIR-989/2025-d7db,44,Male,Unemployed,No,46,Male
FIR-864/2026-39f0,20,Male,Unemployed,Yes,65,Male
FIR-758/2026-e275,51,Male,Unemployed,No,50,Male
FIR-453/2026-0ee7,43,Male,Unemployed,No,25,Female
FIR-607/2025-ff7a,36,Male,Unemployed,Yes,23,Male
FIR-891/2026-7777,41,Male,Private Employee,No,57,Female
FIR-828/2025-10d9,41,Male,Laborer,No,47,Male
FIR-690/2025-a9d4,45,Male,Business,No,23,Female
FIR-824/2025-c639,24,Male,Laborer,Yes,21,Female
FIR-458/2025-63f5,28,Male,Laborer,Yes,70,Female
FIR-725/2026-df09,42,Male,Unemployed,No,68,Male
FIR-463/2026-c8db,46,Male,Laborer,No,27,Female
FIR-374/2025-79b9,31,Male,Private Employee,No,19,Male
FIR-866/2026-629f,38,Male,Private Employee,No,31,Male
FIR-163/2026-03f5,44,Male,Business,Yes,59,Female
FIR-413/2026-7557,32,Male,Business,No,51,Male
FIR-402/2026-54c4,21,Male,Business,Yes,66,Female
FIR-589/2025-7987,54,Male,Business,No,17,Female
FIR-443/2026-8db4,60,Male,Business,No,13,Male
FIR-659/2026-8431,31,Male,Private Employee,No,50,Male
FIR-663/2025-2b9f,49,Male,Business,No,47,Female
FIR-131/2025-d683,39,Male,Student,Yes,53,Female
FIR-321/2026-6478,35,Male,Unemployed,No,49,Female
FIR-103/2026-f3cc,58,Male,Laborer,No,24,Female
FIR-355/2026-0819,33,Male,Student,No,69,Female
FIR-252/2026-665c,49,Male,Student,No,65,Female
FIR-547/2026-1d17,20,Male,Unemployed,Yes,40,Female
FIR-132/2025-9dc3,40,Male,Business,No,22,Female
FIR-415/2025-94c9,31,Male,Private Employee,No,51,Male
FIR-702/2025-b313,38,Male,Business,No,27,Female
FIR-972/2025-f942,25,Male,Student,No,63,Female
FIR-190/2026-b4a0,32,Male,Student,Yes,29,Female
FIR-255/2025-cf3b,33,Male,Student,No,16,Female
FIR-683/2026-bf0f,39,Unknown,Business,No,14,Male
FIR-470/2025-2d41,47,Female,Laborer,Yes,61,Female
FIR-723/2026-4d02,20,Male,Laborer,No,68,Male
FIR-921/2025-0388,23,Male,Laborer,No,62,Male
FIR-725/2025-f2cd,46,Female,Business,No,10,Male
FIR-898/2026-2d0f,24,Unknown,Business,No,63,Male
FIR-886/2026-be0c,44,Male,Student,Yes,55,Male
FIR-436/2026-b729,50,Male,Laborer,Yes,59,Male
FIR-635/2025-c7ea,19,Male,Private Employee,No,55,Male
FIR-444/2025-f55d,37,Male,Unemployed,Yes,38,Male
FIR-783/2026-0895,23,Male,Business,No,27,Male
FIR-447/2025-f04a,56,Male,Unemployed,No,23,Female
FIR-339/2026-220e,21,Female,Student,No,49,Female
FIR-497/2026-6750,40,Male,Private Employee,No,31,Male
FIR-569/2026-4cc4,39,Male,Laborer,No,21,Male
FIR-510/2026-858d,18,Male,Business,No,30,Male
FIR-312/2025-71eb,41,Male,Laborer,No,67,Female
FIR-534/2026-b2d7,30,Male,Laborer,Yes,48,Female
FIR-701/2025-a16e,39,Male,Student,No,19,Female
FIR-145/2025-f27c,57,Male,Private Employee,No,14,Female
FIR-183/2025-ef70,31,Male,Business,Yes,19,Female
FIR-202/2025-7ba9,18,Female,Laborer,No,27,Female
FIR-870/2026-495e,40,Male,Student,No,53,Female
FIR-991/2026-fe86,39,Male,Laborer,Yes,61,Female
FIR-843/2025-e717,19,Male,Private Employee,Yes,37,Female
FIR-975/2026-c245,52,Female,Private Employee,No,35,Male
FIR-414/2026-6b1c,27,Male,Business,No,13,Female
FIR-408/2025-f67d,56,Male,Business,No,32,Female
FIR-639/2025-4d2b,22,Female,Business,No,24,Female
FIR-956/2026-52b4,23,Male,Student,No,43,Female
FIR-672/2025-1ce5,25,Male,Laborer,Yes,14,Female
FIR-499/2026-352a,48,Female,Laborer,No,10,Female
FIR-144/2026-2879,52,Female,Student,No,70,Male
FIR-365/2025-e16a,31,Male,Laborer,Yes,19,Female
FIR-681/2026-1e96,28,Male,Student,No,32,Female
FIR-183/2026-15cd,56,Male,Private Employee,Yes,18,Male
FIR-199/2026-26ae,46,Male,Business,No,44,Female
FIR-252/2025-3453,23,Male,Unemployed,Yes,62,Female
FIR-593/2025-4155,39,Male,Business,No,37,Female
FIR-518/2026-7422,32,Male,Private Employee,Yes,45,Female
FIR-145/2026-a8fc,55,Male,Business,Yes,36,Female
FIR-941/2026-e8dc,23,Female,Private Employee,Yes,57,Female
FIR-364/2026-138c,28,Female,Unemployed,Yes,12,Female
FIR-577/2025-25d4,41,Male,Laborer,No,29,Male
FIR-736/2026-10e7,53,Male,Business,No,33,Female
FIR-868/2025-3903,36,Male,Private Employee,No,17,Male
FIR-864/2025-4696,60,Male,Laborer,Yes,37,Male
FIR-776/2026-697a,39,Male,Laborer,Yes,48,Male
FIR-855/2026-faa3,26,Male,Unemployed,No,21,Male
FIR-906/2025-8cac,57,Male,Unemployed,No,65,Male
FIR-267/2026-70ff,30,Male,Private Employee,No,44,Female
FIR-329/2025-c88f,30,Male,Private Employee,Yes,59,Female
FIR-777/2025-908d,41,Unknown,Student,No,62,Male
FIR-391/2026-731b,43,Male,Laborer,No,41,Female
FIR-596/2025-e3db,23,Male,Student,No,52,Female
FIR-750/2025-91ea,24,Female,Laborer,Yes,39,Female
FIR-987/2026-a7fe,39,Male,Private Employee,No,42,Male
FIR-147/2025-c9a1,55,Male,Private Employee,No,23,Male
FIR-103/2025-dccb,58,Unknown,Private Employee,Yes,42,Female
FIR-774/2025-6346,30,Male,Laborer,No,48,Female
FIR-645/2026-aa8b,43,Male,Unemployed,No,59,Male
FIR-797/2026-e13d,18,Male,Business,Yes,21,Male
FIR-639/2025-37db,47,Unknown,Student,No,53,Female
FIR-596/2025-3db1,43,Male,Student,No,13,Female
FIR-742/2025-0e5c,59,Male,Unemployed,No,49,Male
FIR-331/2025-0151,25,Male,Business,No,21,Female
FIR-665/2026-029f,58,Female,Business,No,52,Male
FIR-897/2025-f213,30,Female,Laborer,No,24,Male
FIR-871/2025-a1a3,49,Male,Private Employee,Yes,62,Female
FIR-638/2025-e44e,22,Male,Unemployed,Yes,25,Female
FIR-512/2026-b734,29,Male,Private Employee,Yes,41,Female
FIR-716/2026-84f3,20,Male,Unemployed,No,33,Female
FIR-473/2025-bfdc,29,Male,Laborer,Yes,10,Male
FIR-942/2026-d5d8,45,Male,Unemployed,No,60,Female
FIR-320/2026-3002,25,Male,Business,No,54,Male
FIR-753/2026-1419,21,Male,Private Employee,No,19,Female
FIR-545/2026-0fe8,54,Male,Private Employee,No,48,Female
FIR-729/2025-1f63,45,Male,Unemployed,No,10,Male
FIR-860/2026-fae2,56,Male,Student,No,59,Female
FIR-187/2026-b242,24,Male,Student,No,17,Male
FIR-485/2026-9697,25,Male,Business,No,34,Female
FIR-742/2025-d9e6,32,Male,Business,Yes,67,Male
FIR-227/2025-090a,43,Male,Laborer,Yes,26,Male
FIR-605/2025-6e0e,58,Male,Student,Yes,67,Male
FIR-638/2026-caf1,34,Male,Business,Yes,11,Female
FIR-320/2026-4636,29,Male,Unemployed,No,39,Female
FIR-636/2026-6d7c,35,Unknown,Unemployed,No,19,Female
FIR-405/2026-6920,27,Male,Laborer,No,60,Male
FIR-645/2025-3c8a,30,Male,Private Employee,No,16,Female
FIR-423/2025-f376,38,Unknown,Private Employee,No,70,Female
FIR-736/2026-b070,45,Female,Student,Yes,35,Female
FIR-705/2025-15dc,46,Male,Private Employee,No,52,Male
FIR-636/2026-85f9,38,Male,Unemployed,No,59,Male
FIR-395/2025-f7b4,60,Male,Business,No,13,Female
FIR-955/2026-d778,19,Female,Student,No,65,Male
FIR-620/2025-0e17,47,Male,Business,No,38,Male
FIR-596/2026-f185,51,Male,Laborer,No,44,Female
FIR-903/2025-3a65,45,Female,Business,Yes,56,Female
FIR-158/2025-4440,43,Male,Laborer,No,66,Female
FIR-679/2026-bb0e,49,Male,Unemployed,No,63,Female
FIR-822/2025-90dd,28,Male,Laborer,No,59,Female
FIR-454/2025-30c6,43,Male,Laborer,Yes,70,Male
FIR-567/2025-8f31,30,Male,Unemployed,No,28,Male
FIR-598/2025-4d2c,55,Male,Laborer,No,39,Female
FIR-986/2025-9710,53,Male,Business,No,54,Male
FIR-221/2025-89e7,60,Female,Student,No,26,Male
FIR-951/2026-70fc,25,Male,Student,Yes,19,Female
FIR-614/2026-eb64,54,Male,Laborer,Yes,55,Female
FIR-996/2026-d2f7,54,Male,Private Employee,Yes,18,Female
FIR-200/2025-3dd2,42,Male,Business,No,12,Female
FIR-106/2025-04aa,45,Male,Business,No,25,Female
FIR-424/2025-a9cf,31,Female,Laborer,No,63,Male
FIR-423/2026-49e4,36,Female,Laborer,No,49,Female
FIR-256/2026-3379,32,Male,Unemployed,No,54,Male
FIR-163/2026-e396,26,Male,Unemployed,No,49,Female
FIR-520/2026-baf8,48,Male,Laborer,Yes,29,Male
FIR-158/2025-bba8,26,Male,Unemployed,No,50,Female
FIR-673/2026-8c51,21,Male,Unemployed,Yes,29,Female
FIR-765/2026-2748,28,Male,Private Employee,No,20,Male
FIR-693/2025-2d30,54,Male,Private Employee,Yes,30,Male
FIR-139/2025-190b,52,Female,Laborer,Yes,69,Female
FIR-495/2026-5fdb,28,Male,Student,No,51,Male
FIR-870/2025-7423,18,Male,Business,No,34,Female
FIR-455/2026-29d1,41,Male,Private Employee,Yes,53,Male
FIR-524/2025-61e6,29,Male,Private Employee,No,67,Male
FIR-229/2025-5490,46,Male,Business,No,62,Female
FIR-412/2026-02f1,53,Male,Laborer,No,44,Female
FIR-256/2025-d1a4,18,Male,Unemployed,Yes,23,Female
FIR-637/2025-8164,24,Male,Private Employee,Yes,66,Female
FIR-130/2026-8653,40,Male,Business,No,50,Male
FIR-593/2026-edb5,44,Male,Business,No,52,Male
FIR-168/2026-1287,51,Male,Laborer,Yes,23,Male
FIR-449/2025-6ec1,58,Male,Student,No,12,Male
FIR-182/2025-8524,44,Male,Private Employee,No,35,Female
FIR-686/2026-86d0,60,Male,Business,No,11,Female
FIR-819/2025-aaa9,38,Male,Unemployed,No,26,Male
FIR-916/2026-6165,46,Male,Private Employee,No,31,Female
FIR-347/2026-e2bd,21,Unknown,Business,Yes,70,Female
FIR-186/2025-d185,58,Male,Business,No,62,Male
FIR-494/2025-cf1b,55,Male,Laborer,Yes,27,Male
FIR-920/2026-9191,21,Male,Laborer,No,29,Male
FIR-250/2026-c6a3,20,Male,Business,No,48,Male
FIR-225/2025-6ab1,18,Male,Laborer,No,10,Female
FIR-340/2026-ceba,35,Female,Private Employee,No,31,Male
FIR-557/2026-3b81,52,Female,Student,Yes,70,Male
FIR-510/2025-903d,52,Unknown,Laborer,No,35,Female
FIR-261/2026-ea9b,23,Male,Unemployed,Yes,23,Female
FIR-421/2026-226a,49,Male,Laborer,Yes,23,Male
FIR-786/2026-28e3,51,Male,Laborer,No,10,Female
FIR-780/2025-3bcc,44,Male,Unemployed,No,23,Female
FIR-776/2025-362a,19,Male,Business,No,57,Female
FIR-167/2025-08ff,30,Male,Laborer,No,50,Female
FIR-842/2026-b759,37,Female,Business,Yes,39,Male
FIR-372/2025-3495,33,Male,Business,Yes,33,Female
FIR-793/2025-570e,33,Male,Business,No,39,Female
FIR-732/2025-c2a5,26,Male,Laborer,Yes,47,Female
FIR-935/2025-4955,58,Male,Student,No,66,Female
FIR-608/2025-86a7,19,Male,Private Employee,No,61,Female
FIR-938/2026-15f9,40,Male,Laborer,No,34,Female
FIR-580/2025-a516,53,Male,Private Employee,No,56,Male
FIR-194/2026-62c1,59,Male,Private Employee,No,32,Female
FIR-225/2025-bc30,34,Female,Business,No,34,Male
FIR-892/2026-6ff3,37,Male,Laborer,No,45,Female
FIR-378/2025-3096,37,Male,Unemployed,No,22,Male
FIR-634/2025-8755,43,Male,Student,Yes,66,Male
FIR-597/2026-0856,57,Male,Laborer,Yes,10,Male
FIR-463/2026-7ed8,46,Male,Laborer,No,53,Female
FIR-258/2025-fb78,30,Male,Business,No,11,Male
FIR-109/2025-431f,34,Male,Private Employee,Yes,61,Male
FIR-597/2025-23dd,25,Male,Business,No,42,Female
FIR-620/2026-c235,36,Male,Unemployed,No,21,Female
FIR-577/2025-522e,57,Male,Private Employee,No,37,Female
FIR-765/2025-0ee1,34,Male,Student,No,67,Male
FIR-227/2026-c4b0,20,Male,Private Employee,No,34,Male
FIR-381/2026-07a2,25,Male,Laborer,No,67,Female
FIR-936/2025-f8b9,50,Male,Unemployed,Yes,35,Female
FIR-228/2026-77ac,54,Female,Unemployed,No,55,Female
FIR-146/2025-466c,30,Male,Private Employee,Yes,40,Female
FIR-631/2025-a0ea,44,Male,Student,Yes,66,Male
FIR-313/2026-b05b,53,Male,Student,No,56,Female
FIR-795/2026-980d,51,Male,Student,Yes,57,Female
FIR-896/2026-deb0,28,Male,Private Employee,No,50,Female
FIR-311/2026-4984,26,Male,Unemployed,Yes,15,Female
FIR-552/2025-fcd7,31,Male,Unemployed,No,56,Female
FIR-218/2025-e70e,24,Male,Business,No,21,Female
FIR-603/2025-58f7,60,Male,Unemployed,No,70,Male
FIR-625/2026-e514,33,Male,Student,Yes,16,Male
FIR-599/2025-9c54,46,Unknown,Laborer,No,27,Male
FIR-922/2025-db4c,58,Unknown,Student,Yes,42,Male
FIR-301/2025-5887,47,Male,Private Employee,No,56,Female
FIR-857/2026-ea12,33,Male,Laborer,No,16,Male
FIR-424/2026-428c,57,Male,Private Employee,No,20,Female
FIR-502/2025-7ae1,36,Male,Business,No,45,Male
FIR-116/2025-8381,33,Male,Private Employee,No,54,Female
FIR-589/2026-f507,37,Male,Private Employee,No,59,Male
FIR-198/2026-471c,42,Female,Unemployed,No,35,Male
FIR-544/2026-c5b4,56,Male,Private Employee,No,60,Male
FIR-172/2026-fbb9,59,Male,Business,No,59,Male
FIR-121/2026-1adf,22,Male,Laborer,No,25,Male
FIR-842/2025-a3c2,25,Male,Student,No,63,Male
FIR-248/2025-aca7,46,Male,Laborer,No,70,Male
FIR-258/2026-6c4b,50,Male,Student,No,55,Female
FIR-614/2025-23f6,26,Male,Student,No,26,Female
FIR-347/2026-513a,48,Male,Student,Yes,43,Female
FIR-999/2025-f4d5,44,Male,Laborer,No,41,Male
FIR-314/2025-9a85,30,Male,Laborer,No,28,Female
FIR-592/2026-8bb2,30,Male,Laborer,No,15,Male
FIR-350/2026-4ae6,30,Male,Business,No,44,Female
FIR-207/2025-e5d1,50,Male,Student,No,69,Female
FIR-475/2026-da20,28,Male,Business,Yes,65,Male
FIR-444/2026-b716,34,Male,Unemployed,Yes,37,Male
FIR-212/2026-5a59,18,Male,Private Employee,No,51,Female
FIR-217/2025-db13,22,Male,Unemployed,Yes,18,Female
FIR-282/2025-9edd,43,Male,Private Employee,No,34,Female
FIR-270/2026-d299,40,Male,Laborer,No,25,Female
FIR-330/2026-2c1a,18,Male,Student,No,69,Male
FIR-481/2026-15ce,32,Male,Laborer,No,69,Male
FIR-182/2025-057f,20,Male,Business,Yes,44,Male
FIR-663/2026-318d,34,Male,Private Employee,No,38,Male
FIR-260/2026-2515,60,Male,Private Employee,No,67,Female
FIR-755/2026-4172,51,Male,Business,No,51,Female
FIR-317/2026-7e90,57,Male,Private Employee,No,47,Male
FIR-581/2026-369e,27,Male,Unemployed,No,65,Male
FIR-102/2025-9f4f,52,Male,Unemployed,Yes,47,Female
FIR-582/2025-392c,24,Female,Private Employee,No,50,Female
FIR-539/2025-47fc,22,Male,Laborer,No,36,Female
FIR-661/2026-e32c,20,Male,Laborer,Yes,49,Female
FIR-215/2026-1ce8,57,Male,Student,No,26,Male
FIR-724/2026-e98c,48,Male,Student,Yes,30,Male
FIR-421/2026-5306,30,Male,Student,Yes,52,Female
FIR-268/2026-4a36,31,Male,Private Employee,No,10,Male
FIR-210/2026-351d,41,Male,Business,No,45,Male
FIR-100/2025-a89a,44,Male,Laborer,No,34,Male
FIR-877/2025-edab,41,Male,Student,No,22,Female
FIR-102/2025-a913,53,Male,Private Employee,Yes,51,Male
FIR-217/2025-e480,38,Male,Unemployed,No,26,Male
FIR-762/2025-3fba,50,Male,Business,Yes,61,Male
FIR-665/2026-8b21,37,Male,Laborer,No,11,Male
FIR-302/2026-319a,36,Male,Unemployed,No,59,Male
FIR-309/2026-22c8,55,Male,Business,No,48,Female
FIR-976/2025-b299,60,Male,Business,Yes,45,Female
FIR-643/2025-25b8,26,Male,Business,No,26,Male
FIR-687/2026-95b1,31,Female,Laborer,No,12,Male
FIR-112/2025-f649,49,Male,Student,No,23,Female
FIR-945/2025-e74b,35,Male,Student,No,25,Male
FIR-282/2026-1a84,31,Female,Student,Yes,39,Female
FIR-521/2025-40e3,38,Male,Student,Yes,16,Male
FIR-418/2026-5344,19,Male,Business,No,24,Female
FIR-428/2025-1cec,33,Male,Business,No,28,Male
FIR-102/2026-41d9,37,Male,Student,No,22,Female
FIR-533/2025-114d,27,Male,Private Employee,No,14,Female
FIR-919/2026-4b8a,47,Female,Student,No,37,Female
FIR-104/2026-b7ee,36,Male,Business,Yes,37,Male
FIR-438/2025-e420,41,Male,Private Employee,No,26,Female
FIR-923/2025-dc5e,38,Male,Private Employee,No,13,Male
FIR-676/2026-9680,26,Male,Unemployed,No,53,Female
FIR-605/2026-f8ad,43,Male,Private Employee,Yes,34,Male
FIR-610/2026-ea8e,30,Female,Student,No,60,Female
FIR-636/2025-6ce1,56,Male,Laborer,No,58,Female
FIR-490/2026-2a47,19,Female,Student,No,52,Female
FIR-549/2025-aa97,58,Male,Private Employee,No,69,Male
FIR-388/2026-c371,51,Male,Laborer,No,30,Female
FIR-784/2025-7ff3,42,Male,Student,No,11,Male
FIR-976/2025-656c,50,Male,Laborer,Yes,40,Male
FIR-587/2026-1a4c,56,Male,Business,No,56,Female
FIR-371/2026-1687,57,Male,Unemployed,No,41,Female
FIR-327/2025-39db,57,Male,Private Employee,No,15,Male
FIR-278/2025-c350,44,Male,Unemployed,Yes,69,Male
FIR-163/2026-eace,28,Male,Student,Yes,49,Male
FIR-147/2026-a5c4,37,Male,Private Employee,Yes,68,Female
FIR-301/2025-7eba,44,Male,Student,Yes,31,Female
FIR-340/2025-4196,41,Male,Business,No,27,Male
FIR-917/2025-6412,40,Male,Student,No,62,Female
FIR-656/2026-7f5e,45,Male,Unemployed,No,45,Female
FIR-956/2025-f7e4,49,Male,Business,No,20,Female
FIR-412/2026-6bd7,57,Male,Business,No,27,Male
FIR-963/2026-e006,21,Male,Private Employee,No,34,Female
FIR-276/2026-dc76,60,Unknown,Unemployed,No,15,Male
FIR-870/2025-08cb,19,Male,Laborer,No,52,Male
FIR-731/2025-1b98,50,Male,Business,No,46,Female
FIR-368/2025-65e9,32,Male,Business,Yes,68,Female
FIR-814/2025-0cbc,28,Female,Laborer,Yes,35,Male
FIR-543/2026-a24c,25,Unknown,Private Employee,Yes,32,Female
FIR-641/2026-f213,51,Male,Business,Yes,27,Male
FIR-756/2025-9ec2,43,Male,Private Employee,No,46,Female
FIR-387/2025-7305,50,Male,Student,No,33,Female
FIR-751/2026-3256,23,Female,Student,No,65,Female
FIR-253/2026-8ac7,49,Male,Student,Yes,54,Female
FIR-733/2025-621d,58,Male,Private Employee,No,57,Male
FIR-225/2025-a1ab,33,Male,Unemployed,No,26,Female
FIR-904/2026-043c,22,Male,Business,Yes,58,Female
FIR-887/2026-7182,22,Male,Student,No,31,Female
FIR-474/2026-4d10,42,Male,Student,No,36,Female
FIR-846/2025-b78b,41,Male,Student,Yes,44,Male
FIR-289/2026-28a6,57,Male,Private Employee,Yes,62,Male
FIR-855/2026-ef4c,45,Female,Private Employee,No,54,Female
FIR-999/2026-6af1,34,Male,Unemployed,No,55,Female
FIR-828/2026-29a0,47,Male,Private Employee,No,70,Female
FIR-357/2025-4d9a,39,Male,Laborer,No,69,Female
FIR-461/2026-ea95,52,Male,Laborer,No,65,Female
FIR-583/2025-4ca3,43,Male,Unemployed,Yes,39,Female
FIR-671/2026-cfe1,54,Male,Business,No,36,Female
FIR-830/2026-a42e,21,Female,Student,No,18,Female
FIR-450/2026-d344,56,Male,Private Employee,Yes,47,Male
FIR-397/2025-a821,44,Male,Unemployed,Yes,64,Female
FIR-790/2025-5cb4,33,Male,Private Employee,No,30,Male
FIR-246/2025-c15f,35,Male,Business,No,28,Male
FIR-341/2025-1b44,30,Male,Laborer,No,38,Female
FIR-720/2026-a20d,25,Male,Private Employee,No,67,Female
FIR-981/2025-1683,50,Male,Private Employee,Yes,43,Male
FIR-406/2026-66a7,56,Male,Private Employee,Yes,24,Male
FIR-422/2026-efdf,20,Male,Student,Yes,62,Female
FIR-122/2025-dac2,53,Male,Business,Yes,51,Male
FIR-909/2026-d5a7,49,Male,Private Employee,No,25,Male
FIR-872/2025-37fe,26,Male,Business,No,40,Male
FIR-608/2026-cb8d,18,Male,Laborer,No,48,Female
FIR-358/2025-1fff,26,Male,Student,No,19,Female
FIR-457/2026-0b41,52,Female,Private Employee,Yes,16,Female
FIR-523/2026-18ea,22,Male,Business,No,41,Female
FIR-809/2026-53a1,50,Male,Laborer,No,68,Male
FIR-932/2026-27ac,53,Male,Student,No,31,Male
FIR-683/2026-9eed,23,Male,Private Employee,Yes,26,Female
FIR-258/2025-c995,34,Male,Student,No,33,Female
FIR-485/2026-b9ad,29,Male,Unemployed,No,35,Female
FIR-485/2026-b39f,49,Male,Laborer,No,13,Male
FIR-757/2026-ba84,41,Male,Unemployed,Yes,43,Female
FIR-676/2025-5fc9,46,Male,Student,No,68,Female
FIR-674/2026-2559,59,Male,Laborer,No,60,Female
FIR-732/2025-e8c3,44,Male,Laborer,No,39,Female
FIR-964/2026-1c16,24,Male,Private Employee,Yes,56,Female
FIR-773/2025-ca2a,29,Male,Private Employee,Yes,70,Male
FIR-351/2026-674a,25,Male,Business,No,38,Female
FIR-263/2025-a4a4,56,Unknown,Business,No,48,Male
FIR-579/2025-b854,30,Unknown,Unemployed,No,56,Male
FIR-201/2025-5e3f,25,Male,Unemployed,No,70,Male
FIR-424/2026-7c71,26,Male,Laborer,No,47,Female
FIR-812/2025-eb19,48,Male,Business,Yes,49,Male
FIR-658/2025-c766,31,Male,Student,Yes,42,Female
FIR-384/2026-42b9,54,Male,Student,No,69,Female
FIR-557/2026-0796,22,Male,Unemployed,No,52,Male
FIR-301/2025-48c1,44,Male,Business,No,13,Female
FIR-145/2026-286b,39,Male,Student,No,47,Female
FIR-125/2026-1d77,48,Male,Laborer,No,43,Female
FIR-626/2025-d7e8,22,Unknown,Private Employee,No,55,Female
FIR-206/2026-745c,58,Male,Private Employee,No,58,Male
FIR-899/2025-c759,40,Male,Unemployed,Yes,59,Female
FIR-393/2025-03a0,29,Male,Private Employee,No,20,Male
FIR-409/2026-9197,28,Female,Private Employee,No,39,Male
FIR-999/2025-ab89,45,Female,Private Employee,No,67,Female
FIR-660/2025-520f,55,Female,Private Employee,Yes,63,Male
FIR-576/2026-1ab9,36,Male,Unemployed,No,25,Male
FIR-919/2025-fee4,37,Male,Student,Yes,18,Male
FIR-503/2025-c7aa,37,Male,Business,No,64,Male
FIR-931/2025-8453,42,Male,Laborer,No,68,Female
FIR-354/2026-1a33,34,Male,Laborer,Yes,69,Male
FIR-401/2026-d516,51,Male,Business,No,23,Female
FIR-409/2026-b298,48,Male,Student,No,10,Male
FIR-252/2026-d663,47,Male,Student,Yes,24,Female
FIR-205/2025-a9b5,45,Male,Private Employee,No,61,Male
FIR-577/2026-9b9e,46,Male,Business,Yes,58,Male
FIR-873/2025-ce7f,18,Male,Unemployed,No,45,Male
FIR-215/2025-6fbe,25,Female,Business,No,20,Female
FIR-641/2025-347e,35,Male,Business,No,70,Female
FIR-111/2026-73cf,57,Male,Business,No,44,Female
FIR-577/2026-8835,46,Male,Business,No,25,Female
FIR-880/2025-1db6,58,Female,Student,No,66,Female
FIR-952/2026-098a,50,Male,Laborer,No,63,Female
FIR-407/2025-a651,40,Male,Unemployed,Yes,39,Male
FIR-356/2026-75ea,30,Male,Unemployed,Yes,43,Female
FIR-535/2026-6110,49,Male,Unemployed,No,28,Female
FIR-319/2025-2a5c,57,Unknown,Private Employee,Yes,15,Female
FIR-889/2026-2a19,52,Female,Business,No,57,Female
FIR-394/2026-65b6,49,Male,Business,No,52,Male
FIR-847/2025-04d5,35,Male,Student,No,30,Female
FIR-700/2025-3af0,32,Male,Laborer,No,14,Male
FIR-696/2025-8498,38,Male,Private Employee,No,59,Male
FIR-915/2026-23a6,36,Male,Laborer,No,58,Female
FIR-637/2026-94d4,42,Male,Business,No,59,Male
FIR-963/2026-da85,52,Male,Laborer,Yes,47,Male
FIR-829/2026-a273,24,Female,Unemployed,No,32,Male
FIR-425/2026-90af,33,Male,Business,No,48,Female
FIR-358/2026-0290,43,Male,Laborer,No,58,Female
FIR-654/2026-922d,43,Male,Private Employee,No,32,Male
FIR-337/2025-878f,54,Male,Private Employee,Yes,43,Male
FIR-131/2025-fb49,31,Male,Private Employee,Yes,14,Female
FIR-913/2026-27f2,41,Male,Student,No,69,Female
FIR-499/2026-f97d,53,Male,Laborer,No,60,Male
FIR-458/2025-3619,44,Male,Student,Yes,36,Female
FIR-771/2025-10af,18,Unknown,Laborer,No,59,Female
FIR-528/2026-4758,49,Male,Student,No,65,Female
FIR-428/2025-9b42,20,Male,Private Employee,No,45,Male
FIR-946/2025-888e,35,Male,Business,No,32,Female
FIR-477/2025-100e,20,Male,Laborer,Yes,42,Male
FIR-611/2026-1b75,28,Male,Private Employee,No,63,Female
FIR-821/2026-24b0,60,Male,Student,Yes,37,Male
FIR-892/2025-f033,50,Female,Laborer,Yes,59,Female
FIR-550/2026-f94d,56,Unknown,Student,No,47,Female
FIR-369/2026-e232,28,Male,Business,No,24,Female
FIR-557/2026-3cea,50,Male,Business,Yes,23,Male
FIR-430/2025-fb33,26,Male,Private Employee,No,69,Female
