Month,Year,Crime_Category,Subcategory,Old_Cases,New_Cases,Kept_Source_File,Removed_Source_File,Resolution_Reason
January,2023,Murder,Murder for gain,2 | 1,1,crime_32.pdf,crime_18.pdf | crime_31.pdf,Updated in latest report
January,2023,Murder,Other Murders,102 | 103,107,crime_32.pdf,crime_18.pdf | crime_31.pdf,Updated in latest report
January,2023,Murder,Total Murder,104,108,crime_32.pdf,crime_18.pdf | crime_31.pdf,Updated in latest report
January,2023,Dacoity,Dacoity Cases,10 | 11,12,crime_32.pdf,crime_18.pdf | crime_31.pdf,Updated in latest report
January,2023,Robbery,Chain Snatching,55 | 54,54,crime_32.pdf,crime_18.pdf | crime_31.pdf,Updated in latest report
January,2023,Robbery,Robbery (Except Chain Snatching),92 | 98,96,crime_32.pdf,crime_18.pdf | crime_31.pdf,Updated in latest report
January,2023,Robbery,Total Robbery,147 | 152,150,crime_32.pdf,crime_18.pdf | crime_31.pdf,Updated in latest report
January,2023,Burglary,Burglary Night,372 | 366,372,crime_32.pdf,crime_18.pdf | crime_31.pdf,Updated in latest report
January,2023,Burglary,Burglary Day,74 | 73,73,crime_32.pdf,crime_18.pdf | crime_31.pdf,Updated in latest report
January,2023,Burglary,Total,446 | 439,445,crime_32.pdf,crime_18.pdf | crime_31.pdf,Updated in latest report
January,2023,Theft,Reported,1641 | 1646,1641,crime_32.pdf,crime_18.pdf | crime_31.pdf,Updated in latest report
January,2023,Riots,Riots,281,279,crime_32.pdf,crime_18.pdf | crime_31.pdf,Updated in latest report
January,2023,Hurt,Cases of Hurt,1300 | 1280,1280,crime_32.pdf,crime_18.pdf | crime_31.pdf,Updated in latest report
January,2023,Special & Local Laws,Special & Local Laws,3817 | 3740,3776,crime_32.pdf,crime_18.pdf | crime_31.pdf,Updated in latest report
January,2023,Crime against Women,Rape,29,30,crime_32.pdf,crime_18.pdf | crime_31.pdf,Updated in latest report
January,2023,Crime against Women,Dowry Death,7 | 5,6,crime_32.pdf,crime_18.pdf | crime_31.pdf,Updated in latest report
January,2023,POCSO,POCSO,258 | 209,240,crime_32.pdf,crime_18.pdf | crime_31.pdf,Updated in latest report
January,2023,SC/ST POA Act,SC/ST POA Act,159 | 152,154,crime_32.pdf,crime_18.pdf | crime_31.pdf,Updated in latest report
January,2023,Cyber Crimes,Cyber Crimes,1327 | 1325,1325,crime_32.pdf,crime_18.pdf | crime_31.pdf,Updated in latest report
January,2023,Economic Offences,Economic Offences,552 | 558,559,crime_32.pdf,crime_18.pdf | crime_31.pdf,Updated in latest report
January,2023,Motor Vehicles Theft,Motor Vehicles Theft Cases,901 | 902,901,crime_32.pdf,crime_18.pdf | crime_31.pdf,Updated in latest report
January,2023,NDPS Cases,NDPS Cases,363 | 362,362,crime_32.pdf,crime_18.pdf | crime_31.pdf,Updated in latest report
February,2023,Murder,Murder for gain,4,5,crime_33.pdf,crime_19.pdf,Updated in latest report
February,2023,Murder,Total Murder,118,119,crime_33.pdf,crime_19.pdf,Updated in latest report
February,2023,Dacoity,Dacoity Cases,14,16,crime_33.pdf,crime_19.pdf | crime_32.pdf,Updated in latest report
February,2023,Robbery,Robbery (Except Chain Snatching),69 | 71,73,crime_33.pdf,crime_19.pdf | crime_32.pdf,Updated in latest report
February,2023,Robbery,Total Robbery,118 | 120,122,crime_33.pdf,crime_19.pdf | crime_32.pdf,Updated in latest report
February,2023,Burglary,Burglary Night,376 | 371,371,crime_33.pdf,crime_19.pdf | crime_32.pdf,Updated in latest report
February,2023,Burglary,Burglary Day,77,78,crime_33.pdf,crime_19.pdf | crime_32.pdf,Updated in latest report
February,2023,Burglary,Total,453 | 448,449,crime_33.pdf,crime_19.pdf | crime_32.pdf,Updated in latest report
February,2023,Theft,Reported,1618 | 1626,1627,crime_33.pdf,crime_19.pdf | crime_32.pdf,Updated in latest report
February,2023,Riots,Riots,299 | 296,298,crime_33.pdf,crime_19.pdf | crime_32.pdf,Updated in latest report
February,2023,Hurt,Cases of Hurt,1224 | 1203,1202,crime_33.pdf,crime_19.pdf | crime_32.pdf,Updated in latest report
February,2023,Special & Local Laws,Special & Local Laws,4093 | 4028,4051,crime_33.pdf,crime_19.pdf | crime_32.pdf,Updated in latest report
February,2023,Crime against Women,Rape,54 | 56,54,crime_33.pdf,crime_19.pdf | crime_32.pdf,Updated in latest report
February,2023,POCSO,POCSO,240 | 190,210,crime_33.pdf,crime_19.pdf | crime_32.pdf,Updated in latest report
February,2023,SC/ST POA Act,SC/ST POA Act,145,147,crime_33.pdf,crime_19.pdf | crime_32.pdf,Updated in latest report
February,2023,Cyber Crimes,Cyber Crimes,1372 | 1370,1370,crime_33.pdf,crime_19.pdf | crime_32.pdf,Updated in latest report
February,2023,Economic Offences,Economic Offences,546 | 553,551,crime_33.pdf,crime_19.pdf | crime_32.pdf,Updated in latest report
February,2023,MMDR & KMMCR,MMDR Act,7 | 6,6,crime_33.pdf,crime_19.pdf | crime_32.pdf,Updated in latest report
February,2023,MMDR & KMMCR,KMMC Rules,5 | 4,4,crime_33.pdf,crime_19.pdf | crime_32.pdf,Updated in latest report
February,2023,Motor Vehicles Theft,Motor Vehicles Theft Cases,859 | 857,859,crime_33.pdf,crime_19.pdf | crime_32.pdf,Updated in latest report
March,2023,Murder,Other Murders,112 | 110,112,crime_34.pdf,crime_20.pdf | crime_33.pdf | crime_34.pdf,Updated in latest report
March,2023,Murder,Total Murder,112 | 110,112,crime_34.pdf,crime_20.pdf | crime_33.pdf | crime_34.pdf,Updated in latest report
March,2023,Dacoity,Dacoity Cases,22 | 20,22,crime_34.pdf,crime_20.pdf | crime_33.pdf | crime_34.pdf,Updated in latest report
March,2023,Robbery,Chain Snatching,58 | 56,56,crime_34.pdf,crime_20.pdf | crime_33.pdf | crime_34.pdf,Updated in latest report
March,2023,Robbery,Robbery (Except Chain Snatching),77 | 83,83,crime_34.pdf,crime_20.pdf | crime_33.pdf | crime_34.pdf,Updated in latest report
March,2023,Robbery,Total Robbery,135 | 139,139,crime_34.pdf,crime_20.pdf | crime_33.pdf | crime_34.pdf,Updated in latest report
March,2023,Burglary,Burglary Night,309 | 297 | 302,302,crime_34.pdf,crime_20.pdf | crime_33.pdf | crime_34.pdf,Updated in latest report
March,2023,Burglary,Burglary Day,80 | 84,84,crime_34.pdf,crime_20.pdf | crime_33.pdf | crime_34.pdf,Updated in latest report
March,2023,Burglary,Total,389 | 381 | 386,386,crime_34.pdf,crime_20.pdf | crime_33.pdf | crime_34.pdf,Updated in latest report
March,2023,Theft,Reported,1651 | 1661 | 1656,1656,crime_34.pdf,crime_20.pdf | crime_33.pdf | crime_34.pdf,Updated in latest report
March,2023,Riots,Riots,350 | 336 | 335,335,crime_34.pdf,crime_20.pdf | crime_33.pdf | crime_34.pdf,Updated in latest report
March,2023,Hurt,Cases of Hurt,1497 | 1490 | 1488,1488,crime_34.pdf,crime_20.pdf | crime_33.pdf | crime_34.pdf,Updated in latest report
March,2023,Special & Local Laws,Special & Local Laws,7434 | 7331 | 7369,7369,crime_34.pdf,crime_20.pdf | crime_33.pdf | crime_34.pdf,Updated in latest report
March,2023,Crime against Women,Rape,47 | 44 | 46,46,crime_34.pdf,crime_20.pdf | crime_33.pdf | crime_34.pdf,Updated in latest report
March,2023,POCSO,POCSO,300 | 235 | 270,270,crime_34.pdf,crime_20.pdf | crime_33.pdf | crime_34.pdf,Updated in latest report
March,2023,SC/ST POA Act,SC/ST POA Act,163 | 157 | 158,158,crime_34.pdf,crime_20.pdf | crime_33.pdf | crime_34.pdf,Updated in latest report
March,2023,Cyber Crimes,Cyber Crimes,1617 | 1615,1615,crime_34.pdf,crime_20.pdf | crime_33.pdf | crime_34.pdf,Updated in latest report
March,2023,Economic Offences,Economic Offences,559 | 560 | 562,562,crime_34.pdf,crime_20.pdf | crime_33.pdf | crime_34.pdf,Updated in latest report
March,2023,MMDR & KMMCR,MMDR Act,14 | 10,10,crime_34.pdf,crime_20.pdf | crime_33.pdf | crime_34.pdf,Updated in latest report
March,2023,Motor Vehicles Theft,Motor Vehicles Theft Cases,905 | 907 | 906,906,crime_34.pdf,crime_20.pdf | crime_33.pdf | crime_34.pdf,Updated in latest report
April,2023,Murder,Murder for gain,3 | 2,2,crime_35.pdf,crime_21.pdf | crime_34.pdf,Updated in latest report
April,2023,Murder,Other Murders,96 | 100,100,crime_35.pdf,crime_21.pdf | crime_34.pdf,Updated in latest report
April,2023,Murder,Total Murder,99 | 102,102,crime_35.pdf,crime_21.pdf | crime_34.pdf,Updated in latest report
April,2023,Dacoity,Dacoity Cases,9 | 10,11,crime_35.pdf,crime_21.pdf | crime_34.pdf,Updated in latest report
April,2023,Robbery,Chain Snatching,41 | 39,41,crime_35.pdf,crime_21.pdf | crime_34.pdf,Updated in latest report
April,2023,Robbery,Robbery (Except Chain Snatching),71 | 75,74,crime_35.pdf,crime_21.pdf | crime_34.pdf,Updated in latest report
April,2023,Robbery,Total Robbery,112 | 114,115,crime_35.pdf,crime_21.pdf | crime_34.pdf,Updated in latest report
April,2023,Burglary,Burglary Night,272 | 266,269,crime_35.pdf,crime_21.pdf | crime_34.pdf,Updated in latest report
April,2023,Burglary,Burglary Day,69,70,crime_35.pdf,crime_21.pdf | crime_34.pdf,Updated in latest report
April,2023,Burglary,Total,341 | 335,339,crime_35.pdf,crime_21.pdf | crime_34.pdf,Updated in latest report
April,2023,Theft,Reported,1547 | 1560,1554,crime_35.pdf,crime_21.pdf | crime_34.pdf,Updated in latest report
April,2023,Riots,Riots,295 | 293,294,crime_35.pdf,crime_21.pdf | crime_34.pdf,Updated in latest report
April,2023,Hurt,Cases of Hurt,1359 | 1355,1352,crime_35.pdf,crime_21.pdf | crime_34.pdf,Updated in latest report
April,2023,Special & Local Laws,Special & Local Laws,5822 | 5745,5783,crime_35.pdf,crime_21.pdf | crime_34.pdf,Updated in latest report
April,2023,Crime against Women,Rape,45 | 46,46,crime_35.pdf,crime_21.pdf | crime_34.pdf,Updated in latest report
April,2023,Crime against Women,Dowry Death,14 | 11,11,crime_35.pdf,crime_21.pdf | crime_34.pdf,Updated in latest report
April,2023,POCSO,POCSO,304 | 256,283,crime_35.pdf,crime_21.pdf | crime_34.pdf,Updated in latest report
April,2023,SC/ST POA Act,SC/ST POA Act,147 | 140,145,crime_35.pdf,crime_21.pdf | crime_34.pdf,Updated in latest report
April,2023,Cyber Crimes,Cyber Crimes,1710,1709,crime_35.pdf,crime_21.pdf | crime_34.pdf,Updated in latest report
April,2023,Economic Offences,Economic Offences,465 | 466,465,crime_35.pdf,crime_21.pdf | crime_34.pdf,Updated in latest report
April,2023,MMDR & KMMCR,MMDR Act,12 | 10,10,crime_35.pdf,crime_21.pdf | crime_34.pdf,Updated in latest report
April,2023,MMDR & KMMCR,KMMC Rules,8 | 6,6,crime_35.pdf,crime_21.pdf | crime_34.pdf,Updated in latest report
April,2023,Motor Vehicles Theft,Motor Vehicles Theft Cases,880 | 877,878,crime_35.pdf,crime_21.pdf | crime_34.pdf,Updated in latest report
May,2023,Murder,Murder for gain,3 | 2,3,crime_36.pdf,crime_22.pdf | crime_35.pdf,Updated in latest report
May,2023,Murder,Other Murders,107 | 102,105,crime_36.pdf,crime_22.pdf | crime_35.pdf,Updated in latest report
May,2023,Murder,Total Murder,110 | 104,108,crime_36.pdf,crime_22.pdf | crime_35.pdf,Updated in latest report
May,2023,Dacoity,Dacoity Cases,12 | 11,11,crime_36.pdf,crime_22.pdf | crime_35.pdf,Updated in latest report
May,2023,Robbery,Chain Snatching,58 | 55,56,crime_36.pdf,crime_22.pdf | crime_35.pdf,Updated in latest report
May,2023,Robbery,Robbery (Except Chain Snatching),89 | 98,97,crime_36.pdf,crime_22.pdf | crime_35.pdf,Updated in latest report
May,2023,Robbery,Total Robbery,147 | 153,153,crime_36.pdf,crime_22.pdf | crime_35.pdf,Updated in latest report
May,2023,Burglary,Burglary Night,396 | 391,394,crime_36.pdf,crime_22.pdf | crime_35.pdf,Updated in latest report
May,2023,Burglary,Burglary Day,82 | 81,80,crime_36.pdf,crime_22.pdf | crime_35.pdf,Updated in latest report
May,2023,Burglary,Total,478 | 472,474,crime_36.pdf,crime_22.pdf | crime_35.pdf,Updated in latest report
May,2023,Theft,Reported,1717 | 1723,1721,crime_36.pdf,crime_22.pdf | crime_35.pdf,Updated in latest report
May,2023,Riots,Riots,381 | 379,378,crime_36.pdf,crime_22.pdf | crime_35.pdf,Updated in latest report
May,2023,Hurt,Cases of Hurt,1514 | 1506,1497,crime_36.pdf,crime_22.pdf | crime_35.pdf,Updated in latest report
May,2023,Special & Local Laws,Special & Local Laws,4510 | 4409,4461,crime_36.pdf,crime_22.pdf | crime_35.pdf,Updated in latest report
May,2023,Crime against Women,Rape,49 | 47,47,crime_36.pdf,crime_22.pdf | crime_35.pdf,Updated in latest report
May,2023,Crime against Women,Dowry Death,14 | 13,14,crime_36.pdf,crime_22.pdf | crime_35.pdf,Updated in latest report
May,2023,POCSO,POCSO,326 | 249,294,crime_36.pdf,crime_22.pdf | crime_35.pdf,Updated in latest report
May,2023,SC/ST POA Act,SC/ST POA Act,151 | 145,150,crime_36.pdf,crime_22.pdf | crime_35.pdf,Updated in latest report
May,2023,Cyber Crimes,Cyber Crimes,1572 | 1762 | 1570,1570,crime_36.pdf,crime_22.pdf | crime_23.pdf | crime_35.pdf,Updated in latest report
May,2023,Economic Offences,Economic Offences,369 | 371,371,crime_36.pdf,crime_22.pdf | crime_35.pdf,Updated in latest report
May,2023,MMDR & KMMCR,MMDR Act,9 | 7,7,crime_36.pdf,crime_22.pdf | crime_35.pdf,Updated in latest report
May,2023,Motor Vehicles Theft,Motor Vehicles Theft Cases,932 | 935,935,crime_36.pdf,crime_22.pdf | crime_35.pdf,Updated in latest report
June,2023,Murder,Murder for gain,3 | 2,3,crime_37.pdf,crime_23.pdf | crime_36.pdf,Updated in latest report
June,2023,Murder,Other Murders,113 | 109,114,crime_37.pdf,crime_23.pdf | crime_36.pdf,Updated in latest report
June,2023,Murder,Total Murder,116 | 111,117,crime_37.pdf,crime_23.pdf | crime_36.pdf,Updated in latest report
June,2023,Dacoity,Dacoity Cases,12 | 15,14,crime_37.pdf,crime_23.pdf | crime_36.pdf,Updated in latest report
June,2023,Robbery,Robbery (Except Chain Snatching),87 | 83,92,crime_37.pdf,crime_23.pdf | crime_36.pdf,Updated in latest report
June,2023,Robbery,Total Robbery,133 | 139,138,crime_37.pdf,crime_23.pdf | crime_36.pdf,Updated in latest report
June,2023,Burglary,Burglary Night,447 | 440,441,crime_37.pdf,crime_23.pdf | crime_36.pdf,Updated in latest report
June,2023,Burglary,Burglary Day,137 | 135,135,crime_37.pdf,crime_23.pdf | crime_36.pdf,Updated in latest report
June,2023,Burglary,Total,584 | 575,576,crime_37.pdf,crime_23.pdf | crime_36.pdf,Updated in latest report
June,2023,Theft,Reported,2404 | 2422,2420,crime_37.pdf,crime_23.pdf | crime_36.pdf,Updated in latest report
June,2023,Riots,Riots,382 | 372,372,crime_37.pdf,crime_23.pdf | crime_36.pdf,Updated in latest report
June,2023,Hurt,Cases of Hurt,1593 | 1596,1595,crime_37.pdf,crime_23.pdf | crime_36.pdf,Updated in latest report
June,2023,Special & Local Laws,Special & Local Laws,6857 | 6752,6793,crime_37.pdf,crime_23.pdf | crime_36.pdf,Updated in latest report
June,2023,Crime against Women,Rape,67,66,crime_37.pdf,crime_23.pdf | crime_36.pdf,Updated in latest report
June,2023,POCSO,POCSO,336 | 281,314,crime_37.pdf,crime_23.pdf | crime_36.pdf,Updated in latest report
June,2023,SC/ST POA Act,SC/ST POA Act,202 | 192,195,crime_37.pdf,crime_23.pdf | crime_36.pdf,Updated in latest report
June,2023,Economic Offences,Economic Offences,666 | 665,663,crime_37.pdf,crime_23.pdf | crime_36.pdf,Updated in latest report
June,2023,MMDR & KMMCR,MMDR Act,17 | 11,12,crime_37.pdf,crime_23.pdf | crime_36.pdf,Updated in latest report
June,2023,MMDR & KMMCR,KMMC Rules,17 | 12,12,crime_37.pdf,crime_23.pdf | crime_36.pdf,Updated in latest report
June,2023,NDPS Cases,NDPS Cases,1290,1291,crime_37.pdf,crime_23.pdf | crime_36.pdf,Updated in latest report
June,2023,Cyber Crimes,Cyber Crimes,1759,1760,crime_37.pdf,crime_36.pdf,Updated in latest report
July,2023,Murder,Other Murders,113 | 114,114,crime_38.pdf,crime_24.pdf | crime_37.pdf,Updated in latest report
July,2023,Murder,Total Murder,113 | 114,114,crime_38.pdf,crime_24.pdf | crime_37.pdf,Updated in latest report
July,2023,Dacoity,Dacoity Cases,13 | 9,13,crime_38.pdf,crime_24.pdf | crime_37.pdf,Updated in latest report
July,2023,Robbery,Chain Snatching,48 | 49,48,crime_38.pdf,crime_24.pdf | crime_37.pdf,Updated in latest report
July,2023,Robbery,Robbery (Except Chain Snatching),161 | 163,164,crime_38.pdf,crime_24.pdf | crime_37.pdf,Updated in latest report
July,2023,Robbery,Total Robbery,209 | 212,212,crime_38.pdf,crime_24.pdf | crime_37.pdf,Updated in latest report
July,2023,Burglary,Burglary Night,477 | 470,469,crime_38.pdf,crime_24.pdf | crime_37.pdf,Updated in latest report
July,2023,Burglary,Burglary Day,135 | 136,137,crime_38.pdf,crime_24.pdf | crime_37.pdf,Updated in latest report
July,2023,Burglary,Total,612 | 606,606,crime_38.pdf,crime_24.pdf | crime_37.pdf,Updated in latest report
July,2023,Theft,Reported,2765 | 2774,2776,crime_38.pdf,crime_24.pdf | crime_37.pdf,Updated in latest report
July,2023,Riots,Riots,317 | 312,315,crime_38.pdf,crime_24.pdf | crime_37.pdf,Updated in latest report
July,2023,Hurt,Cases of Hurt,1467 | 1443,1443,crime_38.pdf,crime_24.pdf | crime_37.pdf,Updated in latest report
July,2023,Special & Local Laws,Special & Local Laws,6105 | 6042,6074,crime_38.pdf,crime_24.pdf | crime_37.pdf,Updated in latest report
July,2023,Crime against Women,Rape,47 | 48,48,crime_38.pdf,crime_24.pdf | crime_37.pdf,Updated in latest report
July,2023,Crime against Women,Dowry Death,16 | 15,16,crime_38.pdf,crime_24.pdf | crime_37.pdf,Updated in latest report
July,2023,POCSO,POCSO,339 | 308,326,crime_38.pdf,crime_24.pdf | crime_37.pdf,Updated in latest report
July,2023,SC/ST POA Act,SC/ST POA Act,202,207,crime_38.pdf,crime_24.pdf | crime_37.pdf,Updated in latest report
July,2023,Cyber Crimes,Cyber Crimes,2079 | 2067,2072,crime_38.pdf,crime_24.pdf | crime_37.pdf,Updated in latest report
July,2023,Economic Offences,Economic Offences,833 | 843,835,crime_38.pdf,crime_24.pdf | crime_37.pdf,Updated in latest report
July,2023,Motor Vehicles Theft,Motor Vehicles Theft Cases,1463 | 1464,1464,crime_38.pdf,crime_24.pdf | crime_37.pdf,Updated in latest report
July,2023,NDPS Cases,NDPS Cases,819 | 818,818,crime_38.pdf,crime_24.pdf | crime_37.pdf,Updated in latest report
August,2023,Murder,Murder for gain,2 | 1,2,crime_39.pdf,crime_25.pdf | crime_38.pdf,Updated in latest report
August,2023,Murder,Other Murders,98 | 101,100,crime_39.pdf,crime_25.pdf | crime_38.pdf,Updated in latest report
August,2023,Murder,Total Murder,100 | 102,102,crime_39.pdf,crime_25.pdf | crime_38.pdf,Updated in latest report
August,2023,Dacoity,Dacoity Cases,20 | 16,17,crime_39.pdf,crime_25.pdf | crime_38.pdf,Updated in latest report
August,2023,Robbery,Chain Snatching,44 | 42,43,crime_39.pdf,crime_25.pdf | crime_38.pdf,Updated in latest report
August,2023,Robbery,Robbery (Except Chain Snatching),147 | 155,155,crime_39.pdf,crime_25.pdf | crime_38.pdf,Updated in latest report
August,2023,Robbery,Total Robbery,191 | 197,198,crime_39.pdf,crime_25.pdf | crime_38.pdf,Updated in latest report
August,2023,Burglary,Burglary Night,512 | 501,504,crime_39.pdf,crime_25.pdf | crime_38.pdf,Updated in latest report
August,2023,Burglary,Burglary Day,135 | 136,136,crime_39.pdf,crime_25.pdf | crime_38.pdf,Updated in latest report
August,2023,Burglary,Total,647 | 637,640,crime_39.pdf,crime_25.pdf | crime_38.pdf,Updated in latest report
August,2023,Theft,Reported,2862 | 2870,2868,crime_39.pdf,crime_25.pdf | crime_38.pdf,Updated in latest report
August,2023,Hurt,Cases of Hurt,1630 | 1614,1611,crime_39.pdf,crime_25.pdf | crime_38.pdf,Updated in latest report
August,2023,Special & Local Laws,Special & Local Laws,6748 | 6661,6692,crime_39.pdf,crime_25.pdf | crime_38.pdf,Updated in latest report
August,2023,Crime against Women,Rape,54 | 51,51,crime_39.pdf,crime_25.pdf | crime_38.pdf,Updated in latest report
August,2023,POCSO,POCSO,399 | 353,377,crime_39.pdf,crime_25.pdf | crime_38.pdf,Updated in latest report
August,2023,SC/ST POA Act,SC/ST POA Act,208 | 213,211,crime_39.pdf,crime_25.pdf | crime_38.pdf,Updated in latest report
August,2023,Cyber Crimes,Cyber Crimes,2202 | 2196,2196,crime_39.pdf,crime_25.pdf | crime_38.pdf,Updated in latest report
August,2023,Economic Offences,Economic Offences,778 | 783,782,crime_39.pdf,crime_25.pdf | crime_38.pdf,Updated in latest report
August,2023,MMDR & KMMCR,MMDR Act,15 | 13,13,crime_39.pdf,crime_25.pdf | crime_38.pdf,Updated in latest report
August,2023,MMDR & KMMCR,KMMC Rules,5 | 4,4,crime_39.pdf,crime_25.pdf | crime_38.pdf,Updated in latest report
August,2023,Motor Vehicles Theft,Motor Vehicles Theft Cases,1506 | 1505,1504,crime_39.pdf,crime_25.pdf | crime_38.pdf,Updated in latest report
August,2023,NDPS Cases,NDPS Cases,725 | 721,723,crime_39.pdf,crime_25.pdf | crime_38.pdf,Updated in latest report
September,2023,Murder,Other Murders,91 | 90,93,crime_40.pdf,crime_26.pdf | crime_39.pdf,Updated in latest report
September,2023,Murder,Total Murder,91 | 90,93,crime_40.pdf,crime_26.pdf | crime_39.pdf,Updated in latest report
September,2023,Dacoity,Dacoity Cases,22 | 20,23,crime_40.pdf,crime_26.pdf | crime_39.pdf,Updated in latest report
September,2023,Robbery,Chain Snatching,52 | 54,51,crime_40.pdf,crime_26.pdf | crime_39.pdf,Updated in latest report
September,2023,Robbery,Robbery (Except Chain Snatching),117 | 116,119,crime_40.pdf,crime_26.pdf | crime_39.pdf,Updated in latest report
September,2023,Robbery,Total Robbery,169 | 170,170,crime_40.pdf,crime_26.pdf | crime_39.pdf,Updated in latest report
September,2023,Burglary,Burglary Night,415,409,crime_39.pdf,crime_26.pdf,Updated in latest report
September,2023,Burglary,Burglary Day,97,101,crime_39.pdf,crime_26.pdf,Updated in latest report
September,2023,Burglary,Total,512,510,crime_39.pdf,crime_26.pdf,Updated in latest report
September,2023,Riots,Riots,332,328,crime_40.pdf,crime_26.pdf | crime_39.pdf,Updated in latest report
September,2023,Hurt,Cases of Hurt,1593 | 1573,1577,crime_40.pdf,crime_26.pdf | crime_39.pdf,Updated in latest report
September,2023,Special & Local Laws,Special & Local Laws,6024 | 5950,5978,crime_40.pdf,crime_26.pdf | crime_39.pdf,Updated in latest report
September,2023,Crime against Women,Rape,49 | 51,52,crime_40.pdf,crime_26.pdf | crime_39.pdf,Updated in latest report
September,2023,Crime against Women,Dowry Death,23 | 22,22,crime_40.pdf,crime_26.pdf | crime_39.pdf,Updated in latest report
September,2023,POCSO,POCSO,322 | 269,291,crime_40.pdf,crime_26.pdf | crime_39.pdf,Updated in latest report
September,2023,SC/ST POA Act,SC/ST POA Act,204 | 202,204,crime_40.pdf,crime_26.pdf | crime_39.pdf,Updated in latest report
September,2023,Cyber Crimes,Cyber Crimes,2021,2023,crime_40.pdf,crime_26.pdf | crime_39.pdf,Updated in latest report
September,2023,Economic Offences,Economic Offences,675 | 677,672,crime_40.pdf,crime_26.pdf | crime_39.pdf,Updated in latest report
September,2023,MMDR & KMMCR,MMDR Act,15 | 16,17,crime_40.pdf,crime_26.pdf | crime_39.pdf,Updated in latest report
September,2023,Motor Vehicles Theft,Motor Vehicles Theft Cases,1158 | 1154,1155,crime_40.pdf,crime_26.pdf | crime_39.pdf,Updated in latest report
September,2023,NDPS Cases,NDPS Cases,506 | 507,507,crime_40.pdf,crime_26.pdf | crime_39.pdf,Updated in latest report
October,2023,Murder,Other Murders,115 | 112,116,crime_41.pdf,crime_27.pdf | crime_40.pdf,Updated in latest report
October,2023,Murder,Total Murder,115 | 112,116,crime_41.pdf,crime_27.pdf | crime_40.pdf,Updated in latest report
October,2023,Dacoity,Dacoity Cases,14 | 13,12,crime_41.pdf,crime_27.pdf | crime_40.pdf,Updated in latest report
October,2023,Robbery,Chain Snatching,64 | 63,62,crime_41.pdf,crime_27.pdf | crime_40.pdf,Updated in latest report
October,2023,Robbery,Robbery (Except Chain Snatching),111 | 114,115,crime_41.pdf,crime_27.pdf | crime_40.pdf,Updated in latest report
October,2023,Robbery,Total Robbery,175 | 177,177,crime_41.pdf,crime_27.pdf | crime_40.pdf,Updated in latest report
October,2023,Theft,Reported,2387 | 2392,2393,crime_41.pdf,crime_27.pdf | crime_40.pdf,Updated in latest report
October,2023,Riots,Riots,339 | 332,332,crime_41.pdf,crime_27.pdf | crime_40.pdf,Updated in latest report
October,2023,Hurt,Cases of Hurt,1514 | 1499,1498,crime_41.pdf,crime_27.pdf | crime_40.pdf,Updated in latest report
October,2023,Special & Local Laws,Special & Local Laws,5286 | 5224,5248,crime_41.pdf,crime_27.pdf | crime_40.pdf,Updated in latest report
October,2023,Crime against Women,Rape,54 | 57,56,crime_41.pdf,crime_27.pdf | crime_40.pdf,Updated in latest report
October,2023,Crime against Women,Dowry Death,14 | 13,14,crime_41.pdf,crime_27.pdf | crime_40.pdf,Updated in latest report
October,2023,POCSO,POCSO,307 | 263,285,crime_41.pdf,crime_27.pdf | crime_40.pdf,Updated in latest report
October,2023,SC/ST POA Act,SC/ST POA Act,207 | 203,204,crime_41.pdf,crime_27.pdf | crime_40.pdf,Updated in latest report
October,2023,Cyber Crimes,Cyber Crimes,2129 | 2123,2126,crime_41.pdf,crime_27.pdf | crime_40.pdf,Updated in latest report
October,2023,Economic Offences,Economic Offences,701 | 703,701,crime_41.pdf,crime_27.pdf | crime_40.pdf,Updated in latest report
October,2023,Motor Vehicles Theft,Motor Vehicles Theft Cases,1225 | 1220,1222,crime_41.pdf,crime_27.pdf | crime_40.pdf,Updated in latest report
October,2023,NDPS Cases,NDPS Cases,225 | 224,224,crime_41.pdf,crime_27.pdf | crime_40.pdf,Updated in latest report
November,2023,Murder,Murder for gain,4,5,crime_41.pdf,crime_28.pdf | crime_29.pdf,Updated in latest report
November,2023,Murder,Other Murders,92,89,crime_41.pdf,crime_28.pdf | crime_29.pdf,Updated in latest report
November,2023,Murder,Total Murder,96,94,crime_41.pdf,crime_28.pdf | crime_29.pdf,Updated in latest report
November,2023,Robbery,Chain Snatching,54,53,crime_41.pdf,crime_28.pdf | crime_29.pdf,Updated in latest report
November,2023,Robbery,Robbery (Except Chain Snatching),102,105,crime_41.pdf,crime_28.pdf | crime_29.pdf,Updated in latest report
November,2023,Robbery,Total Robbery,156,158,crime_41.pdf,crime_28.pdf | crime_29.pdf,Updated in latest report
November,2023,Theft,Reported,2108,2119,crime_41.pdf,crime_28.pdf | crime_29.pdf,Updated in latest report
November,2023,Riots,Riots,293,284,crime_41.pdf,crime_28.pdf | crime_29.pdf,Updated in latest report
November,2023,Hurt,Cases of Hurt,1360,1352,crime_41.pdf,crime_28.pdf | crime_29.pdf,Updated in latest report
November,2023,Special & Local Laws,Special & Local Laws,5689,5635,crime_41.pdf,crime_28.pdf | crime_29.pdf,Updated in latest report
November,2023,Crime against Women,Rape,52,51,crime_41.pdf,crime_28.pdf | crime_29.pdf,Updated in latest report
November,2023,Crime against Women,Dowry Death,15,14,crime_41.pdf,crime_28.pdf | crime_29.pdf,Updated in latest report
November,2023,POCSO,POCSO,321,262,crime_41.pdf,crime_28.pdf | crime_29.pdf,Updated in latest report
November,2023,SC/ST POA Act,SC/ST POA Act,164,163,crime_41.pdf,crime_28.pdf | crime_29.pdf,Updated in latest report
November,2023,Cyber Crimes,Cyber Crimes,2067,2065,crime_41.pdf,crime_28.pdf | crime_29.pdf,Updated in latest report
November,2023,MMDR & KMMCR,KMMC Rules,3,2,crime_41.pdf,crime_28.pdf | crime_29.pdf,Updated in latest report
November,2023,Motor Vehicles Theft,Motor Vehicles Theft Cases,1104,1103,crime_41.pdf,crime_28.pdf | crime_29.pdf,Updated in latest report
December,2023,Murder,Murder for gain,4,6,crime_30.pdf,crime_18.pdf,Updated in latest report
December,2023,Murder,Other Murders,118,116,crime_30.pdf,crime_18.pdf,Updated in latest report
December,2023,Dacoity,Dacoity Cases,17,19,crime_30.pdf,crime_18.pdf,Updated in latest report
December,2023,Robbery,Chain Snatching,70,71,crime_30.pdf,crime_18.pdf,Updated in latest report
December,2023,Robbery,Robbery (Except Chain Snatching),122,119,crime_30.pdf,crime_18.pdf,Updated in latest report
December,2023,Robbery,Total Robbery,192,190,crime_30.pdf,crime_18.pdf,Updated in latest report
December,2023,Theft,Reported,2234,2231,crime_30.pdf,crime_18.pdf,Updated in latest report
December,2023,Riots,Riots,301,299,crime_30.pdf,crime_18.pdf,Updated in latest report
December,2023,Hurt,Cases of Hurt,1391,1405,crime_30.pdf,crime_18.pdf,Updated in latest report
December,2023,Special & Local Laws,Special & Local Laws,5311,5342,crime_30.pdf,crime_18.pdf,Updated in latest report
December,2023,Crime against Women,Rape,57,56,crime_30.pdf,crime_18.pdf,Updated in latest report
December,2023,Crime against Women,Dowry Death,6,7,crime_30.pdf,crime_18.pdf,Updated in latest report
December,2023,POCSO,POCSO,400,427,crime_30.pdf,crime_18.pdf,Updated in latest report
December,2023,SC/ST POA Act,SC/ST POA Act,196,193,crime_30.pdf,crime_18.pdf,Updated in latest report
December,2023,Cyber Crimes,Cyber Crimes,2034,2036,crime_30.pdf,crime_18.pdf,Updated in latest report
December,2023,Economic Offences,Economic Offences,716,720,crime_30.pdf,crime_18.pdf,Updated in latest report
December,2023,Motor Vehicles Theft,Motor Vehicles Theft Cases,1131,1134,crime_30.pdf,crime_18.pdf,Updated in latest report
December,2023,NDPS Cases,NDPS Cases,512,513,crime_30.pdf,crime_18.pdf,Updated in latest report
January,2023.0,Security Cases,Security Cases,2541 | 2491,2533,crime_32.pdf,crime_18.pdf | crime_31.pdf,Updated in latest report
January,2023.0,Security Cases,Total,3851 | 3795,3843,crime_32.pdf,crime_18.pdf | crime_31.pdf,Updated in latest report
February,2023.0,Security Cases,Security Cases,5588 | 5508,5565,crime_33.pdf,crime_19.pdf | crime_32.pdf,Updated in latest report
February,2023.0,Security Cases,Total,9864 | 9690,9800,crime_33.pdf,crime_19.pdf | crime_32.pdf,Updated in latest report
March,2023.0,Security Cases,Security Cases,5710 | 5646 | 5688,5688,crime_34.pdf,crime_20.pdf | crime_33.pdf | crime_34.pdf,Updated in latest report
March,2023.0,Security Cases,Total,9715 | 9622 | 9685,9685,crime_34.pdf,crime_20.pdf | crime_33.pdf | crime_34.pdf,Updated in latest report
April,2023.0,Security Cases,Security Cases,2456 | 2346,2375,crime_35.pdf,crime_21.pdf | crime_34.pdf,Updated in latest report
April,2023.0,Security Cases,Total,4654 | 4503,4559,crime_35.pdf,crime_21.pdf | crime_34.pdf,Updated in latest report
May,2023.0,Security Cases,Security Cases,1357 | 1274,1299,crime_36.pdf,crime_22.pdf | crime_35.pdf,Updated in latest report
May,2023.0,Security Cases,Total,1661 | 1565,1595,crime_36.pdf,crime_22.pdf | crime_35.pdf,Updated in latest report
June,2023.0,Security Cases,Security Cases,1670 | 1601,1632,crime_37.pdf,crime_23.pdf | crime_36.pdf,Updated in latest report
June,2023.0,Security Cases,Total,2469 | 2382,2415,crime_37.pdf,crime_23.pdf | crime_36.pdf,Updated in latest report
July,2023.0,Security Cases,Security Cases,1521 | 1462,1477,crime_38.pdf,crime_24.pdf | crime_37.pdf,Updated in latest report
July,2023.0,Security Cases,Total,2397 | 2303,2336,crime_38.pdf,crime_24.pdf | crime_37.pdf,Updated in latest report
August,2023.0,Security Cases,Security Cases,1706 | 1676,1686,crime_39.pdf,crime_25.pdf | crime_38.pdf,Updated in latest report
August,2023.0,Security Cases,Total,2818 | 2778,2791,crime_39.pdf,crime_25.pdf | crime_38.pdf,Updated in latest report
September,2023.0,Security Cases,Security Cases,3183 | 3129,3157,crime_40.pdf,crime_26.pdf | crime_39.pdf,Updated in latest report
September,2023.0,Security Cases,Total,4968 | 4890,4933,crime_40.pdf,crime_26.pdf | crime_39.pdf,Updated in latest report
October,2023.0,Security Cases,Security Cases,1266 | 1231,1250,crime_41.pdf,crime_27.pdf | crime_40.pdf,Updated in latest report
October,2023.0,Security Cases,Total,3004 | 2948,2983,crime_41.pdf,crime_27.pdf | crime_40.pdf,Updated in latest report
November,2023.0,Security Cases,Security Cases,2320,2285,crime_41.pdf,crime_28.pdf | crime_29.pdf,Updated in latest report
November,2023.0,Security Cases,Total,5951,3605,crime_41.pdf,crime_28.pdf | crime_29.pdf,Updated in latest report
January,2024,Murder,Other Murders,76 | 78,80,crime_19.pdf,crime_6.pdf | crime_18.pdf,Updated in latest report
January,2024,Murder,Total Murder,79 | 81,83,crime_19.pdf,crime_6.pdf | crime_18.pdf,Updated in latest report
January,2024,Dacoity,Dacoity Cases,17 | 18,19,crime_19.pdf,crime_6.pdf | crime_18.pdf,Updated in latest report
January,2024,Robbery,Chain Snatching,54 | 50,51,crime_19.pdf,crime_6.pdf | crime_18.pdf,Updated in latest report
January,2024,Robbery,Robbery (Except Chain Snatching),120 | 126,124,crime_19.pdf,crime_6.pdf | crime_18.pdf,Updated in latest report
January,2024,Robbery,Total Robbery,174 | 176,175,crime_19.pdf,crime_6.pdf | crime_18.pdf,Updated in latest report
January,2024,Burglary,Burglary Night,415 | 408,408,crime_19.pdf,crime_6.pdf | crime_18.pdf,Updated in latest report
January,2024,Burglary,Burglary Day,101 | 106,104,crime_19.pdf,crime_6.pdf | crime_18.pdf,Updated in latest report
January,2024,Burglary,Total,516 | 514,512,crime_19.pdf,crime_6.pdf | crime_18.pdf,Updated in latest report
January,2024,Theft,Reported,1942 | 1943,1946,crime_19.pdf,crime_6.pdf | crime_18.pdf,Updated in latest report
January,2024,Riots,Riots,301 | 299,298,crime_19.pdf,crime_6.pdf | crime_18.pdf,Updated in latest report
January,2024,Hurt,Cases of Hurt,1387 | 1369,1367,crime_19.pdf,crime_6.pdf | crime_18.pdf,Updated in latest report
January,2024,Special & Local Laws,Special & Local Laws,4734 | 4670,4702,crime_19.pdf,crime_6.pdf | crime_18.pdf,Updated in latest report
January,2024,Crime against Women,Rape,53 | 50,51,crime_19.pdf,crime_6.pdf | crime_18.pdf,Updated in latest report
January,2024,Crime against Women,Dowry Death,5 | 6,6,crime_19.pdf,crime_6.pdf | crime_18.pdf,Updated in latest report
January,2024,POCSO,POCSO,348 | 295,323,crime_19.pdf,crime_6.pdf | crime_18.pdf,Updated in latest report
January,2024,SC/ST POA Act,SC/ST POA Act,200 | 206,208,crime_19.pdf,crime_6.pdf | crime_18.pdf,Updated in latest report
January,2024,Cyber Crimes,Cyber Crimes,1948 | 1903,1904,crime_19.pdf,crime_6.pdf | crime_18.pdf,Updated in latest report
January,2024,Economic Offences,Economic Offences,678 | 679,677,crime_19.pdf,crime_6.pdf | crime_18.pdf,Updated in latest report
January,2024,NDPS Cases,NDPS Cases,282 | 281,281,crime_19.pdf,crime_6.pdf | crime_18.pdf,Updated in latest report
February,2024,Murder,Other Murders,117 | 110,115,crime_20.pdf,crime_7.pdf | crime_19.pdf,Updated in latest report
February,2024,Murder,Total Murder,119 | 112,117,crime_20.pdf,crime_7.pdf | crime_19.pdf,Updated in latest report
February,2024,Robbery,Chain Snatching,68 | 67,67,crime_20.pdf,crime_7.pdf | crime_19.pdf,Updated in latest report
February,2024,Robbery,Robbery (Except Chain Snatching),103 | 110,108,crime_20.pdf,crime_7.pdf | crime_19.pdf,Updated in latest report
February,2024,Robbery,Total Robbery,171 | 177,175,crime_20.pdf,crime_7.pdf | crime_19.pdf,Updated in latest report
February,2024,Burglary,Burglary Night,354 | 348,350,crime_20.pdf,crime_7.pdf | crime_19.pdf,Updated in latest report
February,2024,Burglary,Burglary Day,99 | 100,99,crime_20.pdf,crime_7.pdf | crime_19.pdf,Updated in latest report
February,2024,Burglary,Total,453 | 448,449,crime_20.pdf,crime_7.pdf | crime_19.pdf,Updated in latest report
February,2024,Theft,Reported,2006 | 2010,2008,crime_20.pdf,crime_7.pdf | crime_19.pdf,Updated in latest report
February,2024,Riots,Riots,289 | 288,291,crime_20.pdf,crime_7.pdf | crime_19.pdf,Updated in latest report
February,2024,Hurt,Cases of Hurt,1478 | 1465,1456,crime_20.pdf,crime_7.pdf | crime_19.pdf,Updated in latest report
February,2024,Special & Local Laws,Special & Local Laws,4809 | 4742,4776,crime_20.pdf,crime_7.pdf | crime_19.pdf,Updated in latest report
February,2024,Crime against Women,Rape,58 | 40,43,crime_20.pdf,crime_7.pdf | crime_19.pdf,Updated in latest report
February,2024,Crime against Women,Dowry Death,14 | 13,14,crime_20.pdf,crime_7.pdf | crime_19.pdf,Updated in latest report
February,2024,POCSO,POCSO,324 | 278,309,crime_20.pdf,crime_7.pdf | crime_19.pdf,Updated in latest report
February,2024,SC/ST POA Act,SC/ST POA Act,208 | 204,208,crime_20.pdf,crime_7.pdf | crime_19.pdf,Updated in latest report
February,2024,Cyber Crimes,Cyber Crimes,2040 | 2004,2004,crime_20.pdf,crime_7.pdf | crime_19.pdf,Updated in latest report
February,2024,Economic Offences,Economic Offences,665 | 672,671,crime_20.pdf,crime_7.pdf | crime_19.pdf,Updated in latest report
February,2024,MMDR & KMMCR,MMDR Act,8,7,crime_20.pdf,crime_7.pdf | crime_19.pdf,Updated in latest report
February,2024,Motor Vehicles Theft,Motor Vehicles Theft Cases,1028 | 1025,1025,crime_20.pdf,crime_7.pdf | crime_19.pdf,Updated in latest report
March,2024,Murder,Other Murders,103 | 104,105,crime_21.pdf,crime_8.pdf | crime_20.pdf,Updated in latest report
March,2024,Murder,Total Murder,105 | 106,107,crime_21.pdf,crime_8.pdf | crime_20.pdf,Updated in latest report
March,2024,Dacoity,Dacoity Cases,16 | 18,18,crime_21.pdf,crime_8.pdf | crime_20.pdf,Updated in latest report
March,2024,Robbery,Chain Snatching,64 | 63,63,crime_21.pdf,crime_8.pdf | crime_20.pdf,Updated in latest report
March,2024,Robbery,Robbery (Except Chain Snatching),115 | 117,119,crime_21.pdf,crime_8.pdf | crime_20.pdf,Updated in latest report
March,2024,Robbery,Total Robbery,179 | 180,182,crime_21.pdf,crime_8.pdf | crime_20.pdf,Updated in latest report
March,2024,Burglary,Burglary Night,320 | 316,317,crime_21.pdf,crime_8.pdf | crime_20.pdf,Updated in latest report
March,2024,Burglary,Total,400 | 396,397,crime_21.pdf,crime_8.pdf | crime_20.pdf,Updated in latest report
March,2024,Theft,Reported,2121 | 2126,2124,crime_21.pdf,crime_8.pdf | crime_20.pdf,Updated in latest report
March,2024,Riots,Riots,337 | 331,335,crime_21.pdf,crime_8.pdf | crime_20.pdf,Updated in latest report
March,2024,Hurt,Cases of Hurt,1652 | 1642,1636,crime_21.pdf,crime_8.pdf | crime_20.pdf,Updated in latest report
March,2024,Special & Local Laws,Special & Local Laws,6066 | 5968,6014,crime_21.pdf,crime_8.pdf | crime_20.pdf,Updated in latest report
March,2024,Crime against Women,Rape,63 | 52,53,crime_21.pdf,crime_8.pdf | crime_20.pdf,Updated in latest report
March,2024,POCSO,POCSO,345 | 278,309,crime_21.pdf,crime_8.pdf | crime_20.pdf,Updated in latest report
March,2024,SC/ST POA Act,SC/ST POA Act,209 | 205,211,crime_21.pdf,crime_8.pdf | crime_20.pdf,Updated in latest report
March,2024,Cyber Crimes,Cyber Crimes,1977 | 1939,1939,crime_21.pdf,crime_8.pdf | crime_20.pdf,Updated in latest report
March,2024,Economic Offences,Economic Offences,637 | 643,641,crime_21.pdf,crime_8.pdf | crime_20.pdf,Updated in latest report
March,2024,MMDR & KMMCR,MMDR Act,12 | 10,11,crime_21.pdf,crime_8.pdf | crime_20.pdf,Updated in latest report
April,2024,Murder,Other Murders,121 | 119,122,crime_22.pdf,crime_9.pdf | crime_21.pdf,Updated in latest report
April,2024,Murder,Total Murder,124 | 122,125,crime_22.pdf,crime_9.pdf | crime_21.pdf,Updated in latest report
April,2024,Dacoity,Dacoity Cases,10 | 12,14,crime_22.pdf,crime_9.pdf | crime_21.pdf,Updated in latest report
April,2024,Robbery,Chain Snatching,54 | 51,52,crime_22.pdf,crime_9.pdf | crime_21.pdf,Updated in latest report
April,2024,Robbery,Robbery (Except Chain Snatching),96 | 101,98,crime_22.pdf,crime_9.pdf | crime_21.pdf,Updated in latest report
April,2024,Robbery,Total Robbery,150 | 152,150,crime_22.pdf,crime_9.pdf | crime_21.pdf,Updated in latest report
April,2024,Burglary,Burglary Night,325 | 315,318,crime_22.pdf,crime_9.pdf | crime_21.pdf,Updated in latest report
April,2024,Burglary,Burglary Day,73 | 78,76,crime_22.pdf,crime_9.pdf | crime_21.pdf,Updated in latest report
April,2024,Burglary,Total,398 | 393,394,crime_22.pdf,crime_9.pdf | crime_21.pdf,Updated in latest report
April,2024,Theft,Reported,1760 | 1765,1763,crime_22.pdf,crime_9.pdf | crime_21.pdf,Updated in latest report
April,2024,Riots,Riots,340 | 352,346,crime_22.pdf,crime_9.pdf | crime_21.pdf,Updated in latest report
April,2024,Hurt,Cases of Hurt,1648 | 1606,1613,crime_22.pdf,crime_9.pdf | crime_21.pdf,Updated in latest report
April,2024,Special & Local Laws,Special & Local Laws,5013 | 4914,4963,crime_22.pdf,crime_9.pdf | crime_21.pdf,Updated in latest report
April,2024,Crime against Women,Rape,57 | 49,51,crime_22.pdf,crime_9.pdf | crime_21.pdf,Updated in latest report
April,2024,Crime against Women,Dowry Death,10 | 8,9,crime_22.pdf,crime_9.pdf | crime_21.pdf,Updated in latest report
April,2024,POCSO,POCSO,355 | 277,317,crime_22.pdf,crime_9.pdf | crime_21.pdf,Updated in latest report
April,2024,SC/ST POA Act,SC/ST POA Act,191 | 186,190,crime_22.pdf,crime_9.pdf | crime_21.pdf,Updated in latest report
April,2024,Cyber Crimes,Cyber Crimes,1603 | 1574,2284,crime_23.pdf,crime_9.pdf | crime_21.pdf | crime_22.pdf,Updated in latest report
April,2024,Economic Offences,Economic Offences,451 | 460,459,crime_22.pdf,crime_9.pdf | crime_21.pdf,Updated in latest report
May,2024,Murder,Other Murders,100 | 108,110,crime_23.pdf,crime_10.pdf | crime_22.pdf,Updated in latest report
May,2024,Murder,Total Murder,105 | 113,115,crime_23.pdf,crime_10.pdf | crime_22.pdf,Updated in latest report
May,2024,Dacoity,Dacoity Cases,9 | 8,8,crime_23.pdf,crime_10.pdf | crime_22.pdf,Updated in latest report
May,2024,Robbery,Robbery (Except Chain Snatching),121 | 124,125,crime_23.pdf,crime_10.pdf | crime_22.pdf,Updated in latest report
May,2024,Robbery,Total Robbery,179 | 182,183,crime_23.pdf,crime_10.pdf | crime_22.pdf,Updated in latest report
May,2024,Burglary,Burglary Night,399 | 391,395,crime_23.pdf,crime_10.pdf | crime_22.pdf,Updated in latest report
May,2024,Burglary,Burglary Day,104 | 103,104,crime_23.pdf,crime_10.pdf | crime_22.pdf,Updated in latest report
May,2024,Burglary,Total,503 | 494,499,crime_23.pdf,crime_10.pdf | crime_22.pdf,Updated in latest report
May,2024,Theft,Reported,2119 | 2128,2121,crime_23.pdf,crime_10.pdf | crime_22.pdf,Updated in latest report
May,2024,Riots,Riots,398 | 397,404,crime_23.pdf,crime_10.pdf | crime_22.pdf,Updated in latest report
May,2024,Hurt,Cases of Hurt,1850 | 1826,1818,crime_23.pdf,crime_10.pdf | crime_22.pdf,Updated in latest report
May,2024,Special & Local Laws,Special & Local Laws,4921 | 4777,4862,crime_23.pdf,crime_10.pdf | crime_22.pdf,Updated in latest report
May,2024,Crime against Women,Rape,88 | 80,81,crime_23.pdf,crime_10.pdf | crime_22.pdf,Updated in latest report
May,2024,Crime against Women,Dowry Death,11 | 9,10,crime_23.pdf,crime_10.pdf | crime_22.pdf,Updated in latest report
May,2024,POCSO,POCSO,404 | 294,363,crime_23.pdf,crime_10.pdf | crime_22.pdf,Updated in latest report
May,2024,SC/ST POA Act,SC/ST POA Act,173 | 170,175,crime_23.pdf,crime_10.pdf | crime_22.pdf,Updated in latest report
May,2024,Cyber Crimes,Cyber Crimes,2341 | 2281,2019,crime_23.pdf,crime_10.pdf | crime_22.pdf,Updated in latest report
May,2024,Economic Offences,Economic Offences,574 | 584,577,crime_23.pdf,crime_10.pdf | crime_22.pdf,Updated in latest report
May,2024,MMDR & KMMCR,MMDR Act,0 | 6,6,crime_23.pdf,crime_10.pdf | crime_22.pdf,Updated in latest report
May,2024,Motor Vehicles Theft,Motor Vehicles Theft Cases,1123 | 1120,1121,crime_23.pdf,crime_10.pdf | crime_22.pdf,Updated in latest report
June,2024,Murder,Murder for gain,2 | 0,1,crime_24.pdf,crime_11.pdf | crime_23.pdf,Updated in latest report
June,2024,Murder,Other Murders,90 | 89,91,crime_24.pdf,crime_11.pdf | crime_23.pdf,Updated in latest report
June,2024,Murder,Total Murder,92 | 89,92,crime_24.pdf,crime_11.pdf | crime_23.pdf,Updated in latest report
June,2024,Dacoity,Dacoity Cases,11,10,crime_24.pdf,crime_11.pdf | crime_23.pdf,Updated in latest report
June,2024,Robbery,Chain Snatching,63 | 58,61,crime_24.pdf,crime_11.pdf | crime_23.pdf,Updated in latest report
June,2024,Robbery,Robbery (Except Chain Snatching),91 | 99,98,crime_24.pdf,crime_11.pdf | crime_23.pdf,Updated in latest report
June,2024,Robbery,Total Robbery,154 | 157,159,crime_24.pdf,crime_11.pdf | crime_23.pdf,Updated in latest report
June,2024,Burglary,Burglary Night,415 | 407,413,crime_24.pdf,crime_11.pdf | crime_23.pdf,Updated in latest report
June,2024,Burglary,Burglary Day,154 | 106,107,crime_24.pdf,crime_11.pdf | crime_23.pdf,Updated in latest report
June,2024,Burglary,Total,569 | 513,520,crime_24.pdf,crime_11.pdf | crime_23.pdf,Updated in latest report
June,2024,Theft,Reported,2020 | 2026,2020,crime_24.pdf,crime_11.pdf | crime_23.pdf,Updated in latest report
June,2024,Riots,Riots,362 | 363,364,crime_24.pdf,crime_11.pdf | crime_23.pdf,Updated in latest report
June,2024,Hurt,Cases of Hurt,1483 | 1472,1465,crime_24.pdf,crime_11.pdf | crime_23.pdf,Updated in latest report
June,2024,Special & Local Laws,Special & Local Laws,5113 | 5013,5062,crime_24.pdf,crime_11.pdf | crime_23.pdf,Updated in latest report
June,2024,Crime against Women,Rape,63 | 55,55,crime_24.pdf,crime_11.pdf | crime_23.pdf,Updated in latest report
June,2024,POCSO,POCSO,342 | 280,318,crime_24.pdf,crime_11.pdf | crime_23.pdf,Updated in latest report
June,2024,SC/ST POA Act,SC/ST POA Act,152 | 148,148,crime_24.pdf,crime_11.pdf | crime_23.pdf,Updated in latest report
June,2024,Cyber Crimes,Cyber Crimes,2059,2021,crime_24.pdf,crime_11.pdf,Updated in latest report
June,2024,Economic Offences,Economic Offences,709 | 716,715,crime_24.pdf,crime_11.pdf | crime_23.pdf,Updated in latest report
June,2024,MMDR & KMMCR,MMDR Act,9 | 10,10,crime_24.pdf,crime_11.pdf | crime_23.pdf,Updated in latest report
June,2024,Motor Vehicles Theft,Motor Vehicles Theft Cases,1085 | 1081,1081,crime_24.pdf,crime_11.pdf | crime_23.pdf,Updated in latest report
June,2024,NDPS Cases,NDPS Cases,321 | 322,321,crime_24.pdf,crime_11.pdf | crime_23.pdf,Updated in latest report
July,2024,Murder,Other Murders,91 | 84,91,crime_25.pdf,crime_12.pdf | crime_24.pdf,Updated in latest report
July,2024,Murder,Total Murder,92 | 85,92,crime_25.pdf,crime_12.pdf | crime_24.pdf,Updated in latest report
July,2024,Dacoity,Dacoity Cases,21,19,crime_25.pdf,crime_12.pdf | crime_24.pdf,Updated in latest report
July,2024,Robbery,Chain Snatching,54 | 49,49,crime_25.pdf,crime_12.pdf | crime_24.pdf,Updated in latest report
July,2024,Robbery,Robbery (Except Chain Snatching),68 | 72,72,crime_25.pdf,crime_12.pdf | crime_24.pdf,Updated in latest report
July,2024,Robbery,Total Robbery,122 | 121,121,crime_25.pdf,crime_12.pdf | crime_24.pdf,Updated in latest report
July,2024,Burglary,Burglary Night,432 | 427,431,crime_25.pdf,crime_12.pdf | crime_24.pdf,Updated in latest report
July,2024,Burglary,Burglary Day,77 | 74,76,crime_25.pdf,crime_12.pdf | crime_24.pdf,Updated in latest report
July,2024,Burglary,Total,509 | 501,507,crime_25.pdf,crime_12.pdf | crime_24.pdf,Updated in latest report
July,2024,Theft,Reported,1994 | 1953,1951,crime_25.pdf,crime_12.pdf | crime_24.pdf,Updated in latest report
July,2024,Riots,Riots,240 | 230,231,crime_25.pdf,crime_12.pdf | crime_24.pdf,Updated in latest report
July,2024,Hurt,Cases of Hurt,1185 | 1166,1166,crime_25.pdf,crime_12.pdf | crime_24.pdf,Updated in latest report
July,2024,Special & Local Laws,Special & Local Laws,5007 | 4927,4986,crime_25.pdf,crime_12.pdf | crime_24.pdf,Updated in latest report
July,2024,Crime against Women,Rape,67 | 58,57,crime_25.pdf,crime_12.pdf | crime_24.pdf,Updated in latest report
July,2024,Crime against Women,Dowry Death,10 | 9,8,crime_25.pdf,crime_12.pdf | crime_24.pdf,Updated in latest report
July,2024,POCSO,POCSO,335 | 285,316,crime_25.pdf,crime_12.pdf | crime_24.pdf,Updated in latest report
July,2024,SC/ST POA Act,SC/ST POA Act,161,167,crime_25.pdf,crime_12.pdf | crime_24.pdf,Updated in latest report
July,2024,Cyber Crimes,Cyber Crimes,2117 | 2060,2062,crime_25.pdf,crime_12.pdf | crime_24.pdf,Updated in latest report
July,2024,Economic Offences,Economic Offences,665 | 668,666,crime_25.pdf,crime_12.pdf | crime_24.pdf,Updated in latest report
July,2024,Motor Vehicles Theft,Motor Vehicles Theft Cases,1068 | 1062,1066,crime_25.pdf,crime_12.pdf | crime_24.pdf,Updated in latest report
August,2024,Murder,Murder for gain,4 | 5,4,crime_26.pdf,crime_13.pdf | crime_25.pdf,Updated in latest report
August,2024,Murder,Other Murders,87 | 89,91,crime_26.pdf,crime_13.pdf | crime_25.pdf,Updated in latest report
August,2024,Murder,Total Murder,91 | 94,95,crime_26.pdf,crime_13.pdf | crime_25.pdf,Updated in latest report
August,2024,Dacoity,Dacoity Cases,14,13,crime_26.pdf,crime_13.pdf | crime_25.pdf,Updated in latest report
August,2024,Robbery,Chain Snatching,51 | 54,54,crime_26.pdf,crime_13.pdf | crime_25.pdf,Updated in latest report
August,2024,Robbery,Robbery (Except Chain Snatching),66 | 67,65,crime_26.pdf,crime_13.pdf | crime_25.pdf,Updated in latest report
August,2024,Robbery,Total Robbery,117 | 121,119,crime_26.pdf,crime_13.pdf | crime_25.pdf,Updated in latest report
August,2024,Burglary,Burglary Night,322 | 320,320,crime_26.pdf,crime_13.pdf | crime_25.pdf,Updated in latest report
August,2024,Burglary,Burglary Day,110 | 109,109,crime_26.pdf,crime_13.pdf | crime_25.pdf,Updated in latest report
August,2024,Burglary,Total,432 | 429,429,crime_26.pdf,crime_13.pdf | crime_25.pdf,Updated in latest report
August,2024,Theft,Reported,1802 | 1751,1803,crime_26.pdf,crime_13.pdf | crime_25.pdf,Updated in latest report
August,2024,Riots,Riots,222 | 230,228,crime_26.pdf,crime_13.pdf | crime_25.pdf,Updated in latest report
August,2024,Hurt,Cases of Hurt,1260 | 1246,1246,crime_26.pdf,crime_13.pdf | crime_25.pdf,Updated in latest report
August,2024,Special & Local Laws,Special & Local Laws,5103 | 5026,5078,crime_26.pdf,crime_13.pdf | crime_25.pdf,Updated in latest report
August,2024,Crime against Women,Rape,61 | 54,51,crime_26.pdf,crime_13.pdf | crime_25.pdf,Updated in latest report
August,2024,Crime against Women,Dowry Death,9 | 10,10,crime_26.pdf,crime_13.pdf | crime_25.pdf,Updated in latest report
August,2024,POCSO,POCSO,354 | 296,336,crime_26.pdf,crime_13.pdf | crime_25.pdf,Updated in latest report
August,2024,SC/ST POA Act,SC/ST POA Act,168 | 163,172,crime_26.pdf,crime_13.pdf | crime_25.pdf,Updated in latest report
August,2024,Cyber Crimes,Cyber Crimes,1823 | 1774,1774,crime_26.pdf,crime_13.pdf | crime_25.pdf,Updated in latest report
August,2024,Economic Offences,Economic Offences,580 | 583,580,crime_26.pdf,crime_13.pdf | crime_25.pdf,Updated in latest report
August,2024,MMDR & KMMCR,MMDR Act,2 | 3,3,crime_26.pdf,crime_13.pdf | crime_25.pdf,Updated in latest report
August,2024,Motor Vehicles Theft,Motor Vehicles Theft Cases,940 | 942,941,crime_26.pdf,crime_13.pdf | crime_25.pdf,Updated in latest report
August,2024,NDPS Cases,NDPS Cases,437 | 436,436,crime_26.pdf,crime_13.pdf | crime_25.pdf,Updated in latest report
September,2024,Murder,Other Murders,90 | 91,93,crime_27.pdf,crime_14.pdf | crime_26.pdf,Updated in latest report
September,2024,Murder,Total Murder,92 | 93,95,crime_27.pdf,crime_14.pdf | crime_26.pdf,Updated in latest report
September,2024,Dacoity,Dacoity Cases,11 | 9,10,crime_27.pdf,crime_14.pdf | crime_26.pdf,Updated in latest report
September,2024,Robbery,Chain Snatching,38 | 34,37,crime_27.pdf,crime_14.pdf | crime_26.pdf,Updated in latest report
September,2024,Robbery,Robbery (Except Chain Snatching),54 | 60,57,crime_27.pdf,crime_14.pdf | crime_26.pdf,Updated in latest report
September,2024,Robbery,Total Robbery,92 | 94,94,crime_27.pdf,crime_14.pdf | crime_26.pdf,Updated in latest report
September,2024,Burglary,Burglary Night,284 | 280,283,crime_27.pdf,crime_14.pdf | crime_26.pdf,Updated in latest report
September,2024,Burglary,Burglary Day,97 | 47 | 93,94,crime_27.pdf,crime_14.pdf | crime_26.pdf,Updated in latest report
September,2024,Burglary,Total,381 | 373,377,crime_27.pdf,crime_14.pdf | crime_26.pdf,Updated in latest report
September,2024,Theft,Reported,1747 | 1759,1756,crime_27.pdf,crime_14.pdf | crime_26.pdf,Updated in latest report
September,2024,Riots,Riots,284 | 277,280,crime_27.pdf,crime_14.pdf | crime_26.pdf,Updated in latest report
September,2024,Hurt,Cases of Hurt,1334 | 1315,1312,crime_27.pdf,crime_14.pdf | crime_26.pdf,Updated in latest report
September,2024,Special & Local Laws,Special & Local Laws,4525 | 4448,4478,crime_27.pdf,crime_14.pdf | crime_26.pdf,Updated in latest report
September,2024,Crime against Women,Rape,58 | 52,51,crime_27.pdf,crime_14.pdf | crime_26.pdf,Updated in latest report
September,2024,Crime against Women,Dowry Death,15 | 13,14,crime_27.pdf,crime_14.pdf | crime_26.pdf,Updated in latest report
September,2024,POCSO,POCSO,339 | 286,314,crime_27.pdf,crime_14.pdf | crime_26.pdf,Updated in latest report
September,2024,SC/ST POA Act,SC/ST POA Act,180 | 178,183,crime_27.pdf,crime_14.pdf | crime_26.pdf,Updated in latest report
September,2024,Cyber Crimes,Cyber Crimes,1738 | 1688,1686,crime_27.pdf,crime_14.pdf | crime_26.pdf,Updated in latest report
September,2024,Economic Offences,Economic Offences,577 | 578,578,crime_27.pdf,crime_14.pdf | crime_26.pdf,Updated in latest report
September,2024,MMDR & KMMCR,MMDR Act,3 | 2,2,crime_27.pdf,crime_14.pdf | crime_26.pdf,Updated in latest report
September,2024,Motor Vehicles Theft,Motor Vehicles Theft Cases,881 | 876,880,crime_27.pdf,crime_14.pdf | crime_26.pdf,Updated in latest report
September,2024,NDPS Cases,NDPS Cases,340 | 339,339,crime_27.pdf,crime_14.pdf | crime_26.pdf,Updated in latest report
October,2024,Murder,Murder for gain,2 | 3,3,crime_29.pdf,crime_15.pdf | crime_27.pdf | crime_28.pdf,Updated in latest report
October,2024,Murder,Other Murders,99 | 94 | 96,96,crime_29.pdf,crime_15.pdf | crime_27.pdf | crime_28.pdf,Updated in latest report
October,2024,Murder,Total Murder,101 | 97 | 99,99,crime_29.pdf,crime_15.pdf | crime_27.pdf | crime_28.pdf,Updated in latest report
October,2024,Dacoity,Dacoity Cases,8 | 9,9,crime_29.pdf,crime_15.pdf | crime_27.pdf | crime_28.pdf,Updated in latest report
October,2024,Robbery,Chain Snatching,36 | 32 | 33,33,crime_29.pdf,crime_15.pdf | crime_27.pdf | crime_28.pdf,Updated in latest report
October,2024,Robbery,Robbery (Except Chain Snatching),60 | 61 | 59,59,crime_29.pdf,crime_15.pdf | crime_27.pdf | crime_28.pdf,Updated in latest report
October,2024,Robbery,Total Robbery,96 | 93 | 92,92,crime_29.pdf,crime_15.pdf | crime_27.pdf | crime_28.pdf,Updated in latest report
October,2024,Burglary,Burglary Night,388 | 387,388,crime_29.pdf,crime_15.pdf | crime_27.pdf | crime_28.pdf,Updated in latest report
October,2024,Burglary,Burglary Day,100 | 97,100,crime_29.pdf,crime_15.pdf | crime_27.pdf | crime_28.pdf,Updated in latest report
October,2024,Burglary,Total,488 | 484,488,crime_29.pdf,crime_15.pdf | crime_27.pdf | crime_28.pdf,Updated in latest report
October,2024,Theft,Reported,1766 | 1769 | 1768,1768,crime_29.pdf,crime_15.pdf | crime_27.pdf | crime_28.pdf,Updated in latest report
October,2024,Riots,Riots,206 | 201 | 199,199,crime_29.pdf,crime_15.pdf | crime_27.pdf | crime_28.pdf,Updated in latest report
October,2024,Hurt,Cases of Hurt,1280 | 1276,1276,crime_29.pdf,crime_15.pdf | crime_27.pdf | crime_28.pdf,Updated in latest report
October,2024,Special & Local Laws,Special & Local Laws,4355 | 4270 | 4321,4321,crime_29.pdf,crime_15.pdf | crime_27.pdf | crime_28.pdf,Updated in latest report
October,2024,Crime against Women,Rape,54 | 51 | 50,50,crime_29.pdf,crime_15.pdf | crime_27.pdf | crime_28.pdf,Updated in latest report
October,2024,POCSO,POCSO,258 | 209 | 237,237,crime_29.pdf,crime_15.pdf | crime_27.pdf | crime_28.pdf,Updated in latest report
October,2024,SC/ST POA Act,SC/ST POA Act,155 | 159 | 164,164,crime_29.pdf,crime_15.pdf | crime_27.pdf | crime_28.pdf,Updated in latest report
October,2024,Cyber Crimes,Cyber Crimes,1688 | 1641 | 1643,1643,crime_29.pdf,crime_15.pdf | crime_27.pdf | crime_28.pdf,Updated in latest report
October,2024,Economic Offences,Economic Offences,516 | 523 | 521,521,crime_29.pdf,crime_15.pdf | crime_27.pdf | crime_28.pdf,Updated in latest report
October,2024,MMDR & KMMCR,MMDR Act,9 | 10,9,crime_29.pdf,crime_15.pdf | crime_27.pdf | crime_28.pdf,Updated in latest report
October,2024,Motor Vehicles Theft,Motor Vehicles Theft Cases,841 | 839,839,crime_29.pdf,crime_15.pdf | crime_27.pdf | crime_28.pdf,Updated in latest report
November,2024,Murder,Murder for gain,5 | 4,4,crime_30.pdf,crime_16.pdf | crime_28.pdf | crime_29.pdf,Updated in latest report
November,2024,Murder,Other Murders,99 | 98,103,crime_30.pdf,crime_16.pdf | crime_28.pdf | crime_29.pdf,Updated in latest report
November,2024,Murder,Total Murder,104 | 102,107,crime_30.pdf,crime_16.pdf | crime_28.pdf | crime_29.pdf,Updated in latest report
November,2024,Dacoity,Dacoity Cases,11 | 9,9,crime_30.pdf,crime_16.pdf | crime_28.pdf | crime_29.pdf,Updated in latest report
November,2024,Robbery,Chain Snatching,41 | 40,40,crime_30.pdf,crime_16.pdf | crime_28.pdf | crime_29.pdf,Updated in latest report
November,2024,Robbery,Robbery (Except Chain Snatching),40 | 44,42,crime_30.pdf,crime_16.pdf | crime_28.pdf | crime_29.pdf,Updated in latest report
November,2024,Robbery,Total Robbery,81 | 84,82,crime_30.pdf,crime_16.pdf | crime_28.pdf | crime_29.pdf,Updated in latest report
November,2024,Burglary,Burglary Night,336 | 332,334,crime_30.pdf,crime_16.pdf | crime_28.pdf | crime_29.pdf,Updated in latest report
November,2024,Burglary,Burglary Day,92 | 89,91,crime_30.pdf,crime_16.pdf | crime_28.pdf | crime_29.pdf,Updated in latest report
November,2024,Burglary,Total,428 | 421,425,crime_30.pdf,crime_16.pdf | crime_28.pdf | crime_29.pdf,Updated in latest report
November,2024,Theft,Reported,1664 | 1665,1667,crime_30.pdf,crime_16.pdf | crime_28.pdf | crime_29.pdf,Updated in latest report
November,2024,Riots,Riots,226 | 219,219,crime_30.pdf,crime_16.pdf | crime_28.pdf | crime_29.pdf,Updated in latest report
November,2024,Hurt,Cases of Hurt,1246 | 1228,1230,crime_30.pdf,crime_16.pdf | crime_28.pdf | crime_29.pdf,Updated in latest report
November,2024,Special & Local Laws,Special & Local Laws,5704 | 5620,5666,crime_30.pdf,crime_16.pdf | crime_28.pdf | crime_29.pdf,Updated in latest report
November,2024,Crime against Women,Rape,49 | 46,45,crime_30.pdf,crime_16.pdf | crime_28.pdf | crime_29.pdf,Updated in latest report
November,2024,POCSO,POCSO,319 | 260,296,crime_30.pdf,crime_16.pdf | crime_28.pdf | crime_29.pdf,Updated in latest report
November,2024,SC/ST POA Act,SC/ST POA Act,149 | 151,154,crime_30.pdf,crime_16.pdf | crime_28.pdf | crime_29.pdf,Updated in latest report
November,2024,Cyber Crimes,Cyber Crimes,1608 | 1568,1569,crime_30.pdf,crime_16.pdf | crime_28.pdf | crime_29.pdf,Updated in latest report
November,2024,Economic Offences,Economic Offences,503 | 506,505,crime_30.pdf,crime_16.pdf | crime_28.pdf | crime_29.pdf,Updated in latest report
November,2024,Motor Vehicles Theft,Motor Vehicles Theft Cases,777,778,crime_30.pdf,crime_16.pdf | crime_28.pdf | crime_29.pdf,Updated in latest report
December,2024,Murder,Murder for gain,7 | 8,7,crime_30.pdf,crime_6.pdf | crime_17.pdf,Updated in latest report
December,2024,Murder,Other Murders,87,88,crime_30.pdf,crime_6.pdf | crime_17.pdf,Updated in latest report
December,2024,Murder,Total Murder,94 | 95,95,crime_30.pdf,crime_6.pdf | crime_17.pdf,Updated in latest report
December,2024,Dacoity,Dacoity Cases,12 | 10,12,crime_30.pdf,crime_6.pdf | crime_17.pdf,Updated in latest report
December,2024,Robbery,Chain Snatching,39 | 40,40,crime_30.pdf,crime_6.pdf | crime_17.pdf,Updated in latest report
December,2024,Robbery,Robbery (Except Chain Snatching),53 | 51,56,crime_30.pdf,crime_6.pdf | crime_17.pdf,Updated in latest report
December,2024,Robbery,Total Robbery,92 | 91,96,crime_30.pdf,crime_6.pdf | crime_17.pdf,Updated in latest report
December,2024,Burglary,Burglary Night,336 | 338,333,crime_30.pdf,crime_6.pdf | crime_17.pdf,Updated in latest report
December,2024,Burglary,Total,430 | 432,427,crime_30.pdf,crime_6.pdf | crime_17.pdf,Updated in latest report
December,2024,Theft,Reported,1891 | 1889,1890,crime_30.pdf,crime_6.pdf | crime_17.pdf,Updated in latest report
December,2024,Riots,Riots,247 | 253,246,crime_30.pdf,crime_6.pdf | crime_17.pdf,Updated in latest report
December,2024,Hurt,Cases of Hurt,1300 | 1327,1300,crime_30.pdf,crime_6.pdf | crime_17.pdf,Updated in latest report
December,2024,Special & Local Laws,Special & Local Laws,6333 | 6363,6274,crime_30.pdf,crime_6.pdf | crime_17.pdf,Updated in latest report
December,2024,Crime against Women,Rape,58 | 55,50,crime_30.pdf,crime_6.pdf | crime_17.pdf,Updated in latest report
December,2024,Crime against Women,Dowry Death,6,4,crime_30.pdf,crime_6.pdf | crime_17.pdf,Updated in latest report
December,2024,POCSO,POCSO,319 | 346,279,crime_30.pdf,crime_6.pdf | crime_17.pdf,Updated in latest report
December,2024,SC/ST POA Act,SC/ST POA Act,172 | 165,169,crime_30.pdf,crime_6.pdf | crime_17.pdf,Updated in latest report
December,2024,Cyber Crimes,Cyber Crimes,1520 | 1525,1492,crime_30.pdf,crime_6.pdf | crime_17.pdf,Updated in latest report
December,2024,Economic Offences,Economic Offences,615 | 611,616,crime_30.pdf,crime_6.pdf | crime_17.pdf,Updated in latest report
December,2024,MMDR & KMMCR,MMDR Act,5,6,crime_30.pdf,crime_6.pdf | crime_17.pdf,Updated in latest report
December,2024,MMDR & KMMCR,KMMC Rules,2,1,crime_30.pdf,crime_6.pdf | crime_17.pdf,Updated in latest report
December,2024,Motor Vehicles Theft,Motor Vehicles Theft Cases,926 | 922,923,crime_30.pdf,crime_6.pdf | crime_17.pdf,Updated in latest report
January,2024.0,Security Cases,Security Cases,1724 | 1690,1721,crime_19.pdf,crime_6.pdf | crime_18.pdf,Updated in latest report
January,2024.0,Security Cases,Total,3751 | 3640,3747,crime_19.pdf,crime_6.pdf | crime_18.pdf,Updated in latest report
February,2024.0,Security Cases,Security Cases,8574 | 8494,8557,crime_20.pdf,crime_7.pdf | crime_19.pdf,Updated in latest report
February,2024.0,Security Cases,Total,14414 | 14391,14455,crime_20.pdf,crime_7.pdf | crime_19.pdf,Updated in latest report
March,2024.0,Security Cases,Security Cases,9676 | 9658,9666,crime_21.pdf,crime_8.pdf | crime_20.pdf,Updated in latest report
March,2024.0,Security Cases,Total,14299 | 14271,14285,crime_21.pdf,crime_8.pdf | crime_20.pdf,Updated in latest report
April,2024.0,Security Cases,Security Cases,2803 | 2793,2798,crime_22.pdf,crime_9.pdf | crime_21.pdf,Updated in latest report
April,2024.0,Security Cases,Total,4707 | 4692,4700,crime_22.pdf,crime_9.pdf | crime_21.pdf,Updated in latest report
May,2024.0,Security Cases,Security Cases,1654 | 1621,1649,crime_23.pdf,crime_10.pdf | crime_22.pdf,Updated in latest report
May,2024.0,Security Cases,Total,2209 | 2169,2203,crime_23.pdf,crime_10.pdf | crime_22.pdf,Updated in latest report
June,2024.0,Security Cases,Security Cases,2661 | 2599,2619,crime_24.pdf,crime_11.pdf | crime_23.pdf,Updated in latest report
June,2024.0,Security Cases,Total,3287 | 3218,3243,crime_24.pdf,crime_11.pdf | crime_23.pdf,Updated in latest report
July,2024.0,Security Cases,Security Cases,1337 | 221,222,crime_25.pdf,crime_12.pdf | crime_24.pdf,Updated in latest report
July,2024.0,Security Cases,Total,2165 | 334,335,crime_25.pdf,crime_12.pdf | crime_24.pdf,Updated in latest report
August,2024.0,Security Cases,Security Cases,1665 | 1940,1940,crime_26.pdf,crime_13.pdf | crime_25.pdf,Updated in latest report
August,2024.0,Security Cases,Total,2421 | 2491,2491,crime_26.pdf,crime_13.pdf | crime_25.pdf,Updated in latest report
September,2024.0,Security Cases,Security Cases,1875 | 1797,1797,crime_27.pdf,crime_14.pdf | crime_26.pdf,Updated in latest report
September,2024.0,Security Cases,Total,2682 | 2155,2155,crime_27.pdf,crime_14.pdf | crime_26.pdf,Updated in latest report
October,2024.0,Security Cases,Security Cases,1338 | 1310,1310,crime_29.pdf,crime_15.pdf | crime_27.pdf | crime_28.pdf,Updated in latest report
October,2024.0,Security Cases,Total,2523 | 2447,2447,crime_29.pdf,crime_15.pdf | crime_27.pdf | crime_28.pdf,Updated in latest report
November,2024.0,Security Cases,Security Cases,1074 | 1057,1057,crime_30.pdf,crime_16.pdf | crime_28.pdf | crime_29.pdf,Updated in latest report
November,2024.0,Security Cases,Total,1914 | 1875,1875,crime_30.pdf,crime_16.pdf | crime_28.pdf | crime_29.pdf,Updated in latest report
December,2024.0,Security Cases,Security Cases,1199 | 1200,1195,crime_30.pdf,crime_6.pdf | crime_17.pdf,Updated in latest report
December,2024.0,Security Cases,Total,1949,1933,crime_30.pdf,crime_6.pdf | crime_17.pdf,Updated in latest report
January,2025,Murder,Other Murders,95 | 94,97,crime_7.pdf,crime_1.pdf | crime_6.pdf,Updated in latest report
January,2025,Murder,Total Murder,99 | 98,101,crime_7.pdf,crime_1.pdf | crime_6.pdf,Updated in latest report
January,2025,Dacoity,Dacoity Cases,19 | 13,13,crime_7.pdf,crime_1.pdf | crime_6.pdf,Updated in latest report
January,2025,Robbery,Chain Snatching,44 | 42,43,crime_7.pdf,crime_1.pdf | crime_6.pdf,Updated in latest report
January,2025,Robbery,Robbery (Except Chain Snatching),45 | 56,54,crime_7.pdf,crime_1.pdf | crime_6.pdf,Updated in latest report
January,2025,Robbery,Total Robbery,89 | 98,97,crime_7.pdf,crime_1.pdf | crime_6.pdf,Updated in latest report
January,2025,Burglary,Burglary Night,316,315,crime_7.pdf,crime_1.pdf | crime_6.pdf,Updated in latest report
January,2025,Burglary,Burglary Day,95 | 94,94,crime_7.pdf,crime_1.pdf | crime_6.pdf,Updated in latest report
January,2025,Burglary,Total,411 | 410,489,crime_7.pdf,crime_1.pdf | crime_6.pdf,Updated in latest report
January,2025,Theft,Reported,1835 | 1837,1837,crime_7.pdf,crime_1.pdf | crime_6.pdf,Updated in latest report
January,2025,Riots,Riots,254 | 260,263,crime_7.pdf,crime_1.pdf | crime_6.pdf,Updated in latest report
January,2025,Hurt,Cases of Hurt,1327 | 1314,1306,crime_7.pdf,crime_1.pdf | crime_6.pdf,Updated in latest report
January,2025,Special & Local Laws,Special & Local Laws,4629 | 4534,4596,crime_7.pdf,crime_1.pdf | crime_6.pdf,Updated in latest report
January,2025,Crime against Women,Rape,57 | 65,65,crime_7.pdf,crime_1.pdf | crime_6.pdf,Updated in latest report
January,2025,Crime against Women,Dowry Death,12 | 11,11,crime_7.pdf,crime_1.pdf | crime_6.pdf,Updated in latest report
January,2025,POCSO,POCSO,374 | 304,348,crime_7.pdf,crime_1.pdf | crime_6.pdf,Updated in latest report
January,2025,SC/ST POA Act,SC/ST POA Act,173 | 172,178,crime_7.pdf,crime_1.pdf | crime_6.pdf,Updated in latest report
January,2025,Cyber Crimes,Cyber Crimes,1407 | 1401,1401,crime_7.pdf,crime_1.pdf | crime_6.pdf,Updated in latest report
January,2025,Economic Offences,Economic Offences,572 | 571,571,crime_7.pdf,crime_1.pdf | crime_6.pdf,Updated in latest report
January,2025,MMDR & KMMCR,MMDR Act,3 | 5,4,crime_7.pdf,crime_1.pdf | crime_6.pdf,Updated in latest report
January,2025,MMDR & KMMCR,KMMC Rules,1 | 0,1,crime_7.pdf,crime_1.pdf | crime_6.pdf,Updated in latest report
January,2025,Motor Vehicles Theft,Motor Vehicles Theft Cases,900,902,crime_7.pdf,crime_1.pdf | crime_6.pdf,Updated in latest report
February,2025,Murder,Other Murders,99 | 98,100,crime_8.pdf,crime_2.pdf | crime_7.pdf,Updated in latest report
February,2025,Murder,Total Murder,102 | 101,103,crime_8.pdf,crime_2.pdf | crime_7.pdf,Updated in latest report
February,2025,Dacoity,Dacoity Cases,9 | 11,11,crime_8.pdf,crime_2.pdf | crime_7.pdf,Updated in latest report
February,2025,Robbery,Chain Snatching,37 | 33,33,crime_8.pdf,crime_2.pdf | crime_7.pdf,Updated in latest report
February,2025,Robbery,Robbery (Except Chain Snatching),43 | 46,46,crime_8.pdf,crime_2.pdf | crime_7.pdf,Updated in latest report
February,2025,Robbery,Total Robbery,80 | 79,79,crime_8.pdf,crime_2.pdf | crime_7.pdf,Updated in latest report
February,2025,Burglary,Burglary Night,316 | 312,313,crime_8.pdf,crime_2.pdf | crime_7.pdf,Updated in latest report
February,2025,Burglary,Burglary Day,72 | 73,73,crime_8.pdf,crime_2.pdf | crime_7.pdf,Updated in latest report
February,2025,Burglary,Total,388 | 385,386,crime_8.pdf,crime_2.pdf | crime_7.pdf,Updated in latest report
February,2025,Theft,Reported,1636 | 1644,1612,crime_8.pdf,crime_2.pdf | crime_7.pdf,Updated in latest report
February,2025,Riots,Riots,273 | 271,277,crime_8.pdf,crime_2.pdf | crime_7.pdf,Updated in latest report
February,2025,Hurt,Cases of Hurt,1217 | 1202,1186,crime_8.pdf,crime_2.pdf | crime_7.pdf,Updated in latest report
February,2025,Special & Local Laws,Special & Local Laws,4308 | 4188,4248,crime_8.pdf,crime_2.pdf | crime_7.pdf,Updated in latest report
February,2025,Crime against Women,Rape,60 | 77,77,crime_8.pdf,crime_2.pdf | crime_7.pdf,Updated in latest report
February,2025,POCSO,POCSO,348 | 264,306,crime_8.pdf,crime_2.pdf | crime_7.pdf,Updated in latest report
February,2025,SC/ST POA Act,SC/ST POA Act,185 | 183,188,crime_8.pdf,crime_2.pdf | crime_7.pdf,Updated in latest report
February,2025,Cyber Crimes,Cyber Crimes,1181 | 1173,1174,crime_8.pdf,crime_2.pdf | crime_7.pdf,Updated in latest report
February,2025,Economic Offences,Economic Offences,510 | 517,514,crime_8.pdf,crime_2.pdf | crime_7.pdf,Updated in latest report
February,2025,Motor Vehicles Theft,Motor Vehicles Theft Cases,739 | 738,740,crime_8.pdf,crime_2.pdf | crime_7.pdf,Updated in latest report
February,2025,NDPS Cases,NDPS Cases,416 | 415,415,crime_8.pdf,crime_2.pdf | crime_7.pdf,Updated in latest report
March,2025,Murder,Murder for gain,3 | 2,4,crime_9.pdf,crime_3.pdf | crime_8.pdf,Updated in latest report
March,2025,Murder,Other Murders,97 | 98,99,crime_9.pdf,crime_3.pdf | crime_8.pdf,Updated in latest report
March,2025,Murder,Total Murder,100,103,crime_9.pdf,crime_3.pdf | crime_8.pdf,Updated in latest report
March,2025,Dacoity,Dacoity Cases,14 | 13,14,crime_9.pdf,crime_3.pdf | crime_8.pdf,Updated in latest report
March,2025,Robbery,Chain Snatching,36 | 40,41,crime_9.pdf,crime_3.pdf | crime_8.pdf,Updated in latest report
March,2025,Robbery,Robbery (Except Chain Snatching),46 | 53,50,crime_9.pdf,crime_3.pdf | crime_8.pdf,Updated in latest report
March,2025,Robbery,Total Robbery,82 | 93,91,crime_9.pdf,crime_3.pdf | crime_8.pdf,Updated in latest report
March,2025,Burglary,Burglary Night,292 | 289,291,crime_9.pdf,crime_3.pdf | crime_8.pdf,Updated in latest report
March,2025,Burglary,Total,373 | 370,372,crime_9.pdf,crime_3.pdf | crime_8.pdf,Updated in latest report
March,2025,Theft,Reported,1819 | 1749,1816,crime_9.pdf,crime_3.pdf | crime_8.pdf,Updated in latest report
March,2025,Riots,Riots,298 | 295,294,crime_9.pdf,crime_3.pdf | crime_8.pdf,Updated in latest report
March,2025,Hurt,Cases of Hurt,1594 | 1582,1580,crime_9.pdf,crime_3.pdf | crime_8.pdf,Updated in latest report
March,2025,Special & Local Laws,Special & Local Laws,6109 | 5994,6043,crime_9.pdf,crime_3.pdf | crime_8.pdf,Updated in latest report
March,2025,Crime against Women,Rape,59 | 96,96,crime_9.pdf,crime_3.pdf | crime_8.pdf,Updated in latest report
March,2025,Crime against Women,Dowry Death,7 | 10,9,crime_9.pdf,crime_3.pdf | crime_8.pdf,Updated in latest report
March,2025,POCSO,POCSO,400 | 332,368,crime_9.pdf,crime_3.pdf | crime_8.pdf,Updated in latest report
March,2025,SC/ST POA Act,SC/ST POA Act,205 | 195,202,crime_9.pdf,crime_3.pdf | crime_8.pdf,Updated in latest report
March,2025,Cyber Crimes,Cyber Crimes,1268 | 1254,1255,crime_9.pdf,crime_3.pdf | crime_8.pdf,Updated in latest report
March,2025,Economic Offences,Economic Offences,582 | 581,581,crime_9.pdf,crime_3.pdf | crime_8.pdf,Updated in latest report
March,2025,MMDR & KMMCR,MMDR Act,12 | 13,13,crime_9.pdf,crime_3.pdf | crime_8.pdf,Updated in latest report
March,2025,Motor Vehicles Theft,Motor Vehicles Theft Cases,831,832,crime_9.pdf,crime_3.pdf | crime_8.pdf,Updated in latest report
April,2025,Murder,Other Murders,117 | 118,117,crime_10.pdf,crime_4.pdf | crime_9.pdf,Updated in latest report
April,2025,Murder,Total Murder,120 | 121,120,crime_10.pdf,crime_4.pdf | crime_9.pdf,Updated in latest report
April,2025,Dacoity,Dacoity Cases,10 | 8,8,crime_10.pdf,crime_4.pdf | crime_9.pdf,Updated in latest report
April,2025,Robbery,Chain Snatching,41 | 38,39,crime_10.pdf,crime_4.pdf | crime_9.pdf,Updated in latest report
April,2025,Robbery,Robbery (Except Chain Snatching),39 | 46,44,crime_10.pdf,crime_4.pdf | crime_9.pdf,Updated in latest report
April,2025,Robbery,Total Robbery,80 | 84,83,crime_10.pdf,crime_4.pdf | crime_9.pdf,Updated in latest report
April,2025,Burglary,Burglary Night,320 | 313,317,crime_10.pdf,crime_4.pdf | crime_9.pdf,Updated in latest report
April,2025,Burglary,Burglary Day,96 | 91,91,crime_10.pdf,crime_4.pdf | crime_9.pdf,Updated in latest report
April,2025,Burglary,Total,416 | 404,408,crime_10.pdf,crime_4.pdf | crime_9.pdf,Updated in latest report
April,2025,Theft,Reported,1769 | 1782,1784,crime_10.pdf,crime_4.pdf | crime_9.pdf,Updated in latest report
April,2025,Riots,Riots,302 | 295,295,crime_10.pdf,crime_4.pdf | crime_9.pdf,Updated in latest report
April,2025,Hurt,Cases of Hurt,1548 | 1528,1528,crime_10.pdf,crime_4.pdf | crime_9.pdf,Updated in latest report
April,2025,Special & Local Laws,Special & Local Laws,5188 | 5082,5130,crime_10.pdf,crime_4.pdf | crime_9.pdf,Updated in latest report
April,2025,Crime against Women,Rape,56 | 79,79,crime_10.pdf,crime_4.pdf | crime_9.pdf,Updated in latest report
April,2025,Crime against Women,Dowry Death,16 | 15,16,crime_10.pdf,crime_4.pdf | crime_9.pdf,Updated in latest report
April,2025,POCSO,POCSO,382 | 309,349,crime_10.pdf,crime_4.pdf | crime_9.pdf,Updated in latest report
April,2025,SC/ST POA Act,SC/ST POA Act,189 | 186,192,crime_10.pdf,crime_4.pdf | crime_9.pdf,Updated in latest report
April,2025,Cyber Crimes,Cyber Crimes,1008 | 1005,1007,crime_10.pdf,crime_4.pdf | crime_9.pdf,Updated in latest report
April,2025,Economic Offences,Economic Offences,507 | 509,509,crime_10.pdf,crime_4.pdf | crime_9.pdf,Updated in latest report
April,2025,MMDR & KMMCR,MMDR Act,7 | 12,0,crime_10.pdf,crime_4.pdf | crime_9.pdf,Updated in latest report
April,2025,Motor Vehicles Theft,Motor Vehicles Theft Cases,813,815,crime_10.pdf,crime_4.pdf | crime_9.pdf,Updated in latest report
May,2025,Murder,Other Murders,110 | 101,109,crime_11.pdf,crime_5.pdf | crime_10.pdf,Updated in latest report
May,2025,Murder,Total Murder,114 | 105,113,crime_11.pdf,crime_5.pdf | crime_10.pdf,Updated in latest report
May,2025,Dacoity,Dacoity Cases,5 | 6,8,crime_11.pdf,crime_5.pdf | crime_10.pdf,Updated in latest report
May,2025,Robbery,Chain Snatching,40 | 38,39,crime_11.pdf,crime_5.pdf | crime_10.pdf,Updated in latest report
May,2025,Robbery,Robbery (Except Chain Snatching),44 | 47,46,crime_11.pdf,crime_5.pdf | crime_10.pdf,Updated in latest report
May,2025,Robbery,Total Robbery,84 | 85,85,crime_11.pdf,crime_5.pdf | crime_10.pdf,Updated in latest report
May,2025,Burglary,Burglary Night,333 | 331,334,crime_11.pdf,crime_5.pdf | crime_10.pdf,Updated in latest report
May,2025,Burglary,Burglary Day,89 | 87,85,crime_11.pdf,crime_5.pdf | crime_10.pdf,Updated in latest report
May,2025,Burglary,Total,422 | 418,419,crime_11.pdf,crime_5.pdf | crime_10.pdf,Updated in latest report
May,2025,Theft,Reported,1707 | 1729,1725,crime_11.pdf,crime_5.pdf | crime_10.pdf,Updated in latest report
May,2025,Riots,Riots,296 | 293,297,crime_11.pdf,crime_5.pdf | crime_10.pdf,Updated in latest report
May,2025,Hurt,Cases of Hurt,1408 | 1394,1390,crime_11.pdf,crime_5.pdf | crime_10.pdf,Updated in latest report
May,2025,Special & Local Laws,Special & Local Laws,5425 | 5350,5392,crime_11.pdf,crime_5.pdf | crime_10.pdf,Updated in latest report
May,2025,Crime against Women,Rape,63 | 92,90,crime_11.pdf,crime_5.pdf | crime_10.pdf,Updated in latest report
May,2025,Crime against Women,Dowry Death,6 | 3,6,crime_11.pdf,crime_5.pdf | crime_10.pdf,Updated in latest report
May,2025,POCSO,POCSO,393 | 344,374,crime_11.pdf,crime_5.pdf | crime_10.pdf,Updated in latest report
May,2025,SC/ST POA Act,SC/ST POA Act,177 | 178,177,crime_11.pdf,crime_5.pdf | crime_10.pdf,Updated in latest report
May,2025,Cyber Crimes,Cyber Crimes,1200 | 1193,1194,crime_11.pdf,crime_5.pdf | crime_10.pdf,Updated in latest report
May,2025,Economic Offences,Economic Offences,530 | 536,534,crime_11.pdf,crime_5.pdf | crime_10.pdf,Updated in latest report
May,2025,MMDR & KMMCR,MMDR Act,4 | 0,3,crime_11.pdf,crime_5.pdf | crime_10.pdf,Updated in latest report
May,2025,Motor Vehicles Theft,Motor Vehicles Theft Cases,779 | 781,779,crime_11.pdf,crime_5.pdf | crime_10.pdf,Updated in latest report
June,2025,Murder,Other Murders,98,100,crime_12.pdf,crime_11.pdf,Updated in latest report
June,2025,Murder,Total Murder,99,101,crime_12.pdf,crime_11.pdf,Updated in latest report
June,2025,Dacoity,Dacoity Cases,7,5,crime_12.pdf,crime_11.pdf,Updated in latest report
June,2025,Robbery,Chain Snatching,52,50,crime_12.pdf,crime_11.pdf,Updated in latest report
June,2025,Robbery,Robbery (Except Chain Snatching),45,46,crime_12.pdf,crime_11.pdf,Updated in latest report
June,2025,Robbery,Total Robbery,97,96,crime_12.pdf,crime_11.pdf,Updated in latest report
June,2025,Burglary,Burglary Night,315,319,crime_12.pdf,crime_11.pdf,Updated in latest report
June,2025,Burglary,Burglary Day,97,88,crime_12.pdf,crime_11.pdf,Updated in latest report
June,2025,Burglary,Total,412,407,crime_12.pdf,crime_11.pdf,Updated in latest report
June,2025,Theft,Reported,1684,1664,crime_12.pdf,crime_11.pdf,Updated in latest report
June,2025,Riots,Riots,352,358,crime_12.pdf,crime_11.pdf,Updated in latest report
June,2025,Special & Local Laws,Special & Local Laws,6800,6848,crime_12.pdf,crime_11.pdf,Updated in latest report
June,2025,Crime against Women,Rape,78,79,crime_12.pdf,crime_11.pdf,Updated in latest report
June,2025,POCSO,POCSO,309,347,crime_12.pdf,crime_11.pdf,Updated in latest report
June,2025,SC/ST POA Act,SC/ST POA Act,190,192,crime_12.pdf,crime_11.pdf,Updated in latest report
June,2025,Cyber Crimes,Cyber Crimes,1246,1248,crime_12.pdf,crime_11.pdf,Updated in latest report
June,2025,Economic Offences,Economic Offences,524,512,crime_12.pdf,crime_11.pdf,Updated in latest report
June,2025,MMDR & KMMCR,MMDR Act,11,14,crime_12.pdf,crime_11.pdf,Updated in latest report
July,2025,Murder,Murder for gain,1,3,crime_13.pdf,crime_12.pdf,Updated in latest report
July,2025,Murder,Other Murders,81,82,crime_13.pdf,crime_12.pdf,Updated in latest report
July,2025,Murder,Total Murder,82,85,crime_13.pdf,crime_12.pdf,Updated in latest report
July,2025,Robbery,Chain Snatching,40,42,crime_13.pdf,crime_12.pdf,Updated in latest report
July,2025,Robbery,Robbery (Except Chain Snatching),55,53,crime_13.pdf,crime_12.pdf,Updated in latest report
July,2025,Burglary,Burglary Night,346,349,crime_13.pdf,crime_12.pdf,Updated in latest report
July,2025,Burglary,Burglary Day,96,95,crime_13.pdf,crime_12.pdf,Updated in latest report
July,2025,Burglary,Total,442,444,crime_13.pdf,crime_12.pdf,Updated in latest report
July,2025,Theft,Reported,1679,1673,crime_13.pdf,crime_12.pdf,Updated in latest report
July,2025,Riots,Riots,263,267,crime_13.pdf,crime_12.pdf,Updated in latest report
July,2025,Hurt,Cases of Hurt,1354,1353,crime_13.pdf,crime_12.pdf,Updated in latest report
July,2025,Special & Local Laws,Special & Local Laws,5229,5291,crime_13.pdf,crime_12.pdf,Updated in latest report
July,2025,POCSO,POCSO,337,376,crime_13.pdf,crime_12.pdf,Updated in latest report
July,2025,SC/ST POA Act,SC/ST POA Act,218,219,crime_13.pdf,crime_12.pdf,Updated in latest report
July,2025,Cyber Crimes,Cyber Crimes,1317,1320,crime_13.pdf,crime_12.pdf,Updated in latest report
July,2025,Economic Offences,Economic Offences,573,571,crime_13.pdf,crime_12.pdf,Updated in latest report
July,2025,MMDR & KMMCR,MMDR Act,11,12,crime_13.pdf,crime_12.pdf,Updated in latest report
July,2025,Motor Vehicles Theft,Motor Vehicles Theft Cases,824,823,crime_13.pdf,crime_12.pdf,Updated in latest report
August,2025,Dacoity,Dacoity Cases,10 | 8,8,crime_14.pdf,crime_13.pdf | crime_14.pdf,Updated in latest report
August,2025,Robbery,Chain Snatching,25 | 30,30,crime_14.pdf,crime_13.pdf | crime_14.pdf,Updated in latest report
August,2025,Robbery,Robbery (Except Chain Snatching),55 | 54,54,crime_14.pdf,crime_13.pdf | crime_14.pdf,Updated in latest report
August,2025,Robbery,Total Robbery,80 | 84,84,crime_14.pdf,crime_13.pdf | crime_14.pdf,Updated in latest report
August,2025,Burglary,Burglary Night,347 | 350,350,crime_14.pdf,crime_13.pdf | crime_14.pdf,Updated in latest report
August,2025,Burglary,Total,438 | 441,441,crime_14.pdf,crime_13.pdf | crime_14.pdf,Updated in latest report
August,2025,Theft,Reported,1569 | 1560,1560,crime_14.pdf,crime_13.pdf | crime_14.pdf,Updated in latest report
August,2025,Riots,Riots,287 | 285,285,crime_14.pdf,crime_13.pdf | crime_14.pdf,Updated in latest report
August,2025,Hurt,Cases of Hurt,1235 | 1223,1223,crime_14.pdf,crime_13.pdf | crime_14.pdf,Updated in latest report
August,2025,Special & Local Laws,Special & Local Laws,4812 | 4872,4872,crime_14.pdf,crime_13.pdf | crime_14.pdf,Updated in latest report
August,2025,Crime against Women,Rape,82 | 83,83,crime_14.pdf,crime_13.pdf | crime_14.pdf,Updated in latest report
August,2025,POCSO,POCSO,332 | 379,379,crime_14.pdf,crime_13.pdf | crime_14.pdf,Updated in latest report
August,2025,SC/ST POA Act,SC/ST POA Act,168 | 172,172,crime_14.pdf,crime_13.pdf | crime_14.pdf,Updated in latest report
August,2025,Cyber Crimes,Cyber Crimes,1264 | 1265,1265,crime_14.pdf,crime_13.pdf | crime_14.pdf,Updated in latest report
August,2025,Economic Offences,Economic Offences,442 | 443,443,crime_14.pdf,crime_13.pdf | crime_14.pdf,Updated in latest report
September,2025,Murder,Murder for gain,4,3,crime_15.pdf,crime_14.pdf,Updated in latest report
September,2025,Murder,Other Murders,96,101,crime_15.pdf,crime_14.pdf,Updated in latest report
September,2025,Murder,Total Murder,100,104,crime_15.pdf,crime_14.pdf,Updated in latest report
September,2025,Robbery,Chain Snatching,27,28,crime_15.pdf,crime_14.pdf,Updated in latest report
September,2025,Robbery,Robbery (Except Chain Snatching),63,62,crime_15.pdf,crime_14.pdf,Updated in latest report
September,2025,Burglary,Burglary Night,302,306,crime_15.pdf,crime_14.pdf,Updated in latest report
September,2025,Burglary,Burglary Day,97,96,crime_15.pdf,crime_14.pdf,Updated in latest report
September,2025,Burglary,Total,399,402,crime_15.pdf,crime_14.pdf,Updated in latest report
September,2025,Theft,Reported,1613,1608,crime_15.pdf,crime_14.pdf,Updated in latest report
September,2025,Riots,Riots,261,264,crime_15.pdf,crime_14.pdf,Updated in latest report
September,2025,Hurt,Cases of Hurt,1323,1318,crime_15.pdf,crime_14.pdf,Updated in latest report
September,2025,Special & Local Laws,Special & Local Laws,4991,5048,crime_15.pdf,crime_14.pdf,Updated in latest report
September,2025,Crime against Women,Rape,70,44,crime_15.pdf,crime_14.pdf,Updated in latest report
September,2025,POCSO,POCSO,338,381,crime_15.pdf,crime_14.pdf,Updated in latest report
September,2025,SC/ST POA Act,SC/ST POA Act,206,209,crime_15.pdf,crime_14.pdf,Updated in latest report
September,2025,Cyber Crimes,Cyber Crimes,1296,1298,crime_15.pdf,crime_14.pdf,Updated in latest report
September,2025,Economic Offences,Economic Offences,574,577,crime_15.pdf,crime_14.pdf,Updated in latest report
September,2025,NDPS Cases,NDPS Cases,452,453,crime_15.pdf,crime_14.pdf,Updated in latest report
October,2025,Murder,Murder for gain,1,3,crime_16.pdf,crime_15.pdf,Updated in latest report
October,2025,Murder,Other Murders,105,106,crime_16.pdf,crime_15.pdf,Updated in latest report
October,2025,Murder,Total Murder,106,109,crime_16.pdf,crime_15.pdf,Updated in latest report
October,2025,Robbery,Chain Snatching,36,37,crime_16.pdf,crime_15.pdf,Updated in latest report
October,2025,Robbery,Robbery (Except Chain Snatching),63,61,crime_16.pdf,crime_15.pdf,Updated in latest report
October,2025,Robbery,Total Robbery,99,98,crime_16.pdf,crime_15.pdf,Updated in latest report
October,2025,Burglary,Burglary Night,375,377,crime_16.pdf,crime_15.pdf,Updated in latest report
October,2025,Burglary,Burglary Day,78,80,crime_16.pdf,crime_15.pdf,Updated in latest report
October,2025,Burglary,Total,453,457,crime_16.pdf,crime_15.pdf,Updated in latest report
October,2025,Theft,Reported,1804,1799,crime_16.pdf,crime_15.pdf,Updated in latest report
October,2025,Riots,Riots,275,277,crime_16.pdf,crime_15.pdf,Updated in latest report
October,2025,Hurt,Cases of Hurt,1407,1409,crime_16.pdf,crime_15.pdf,Updated in latest report
October,2025,Special & Local Laws,Special & Local Laws,5192,5245,crime_16.pdf,crime_15.pdf,Updated in latest report
October,2025,Crime against Women,Dowry Death,13,12,crime_16.pdf,crime_15.pdf,Updated in latest report
October,2025,POCSO,POCSO,320,356,crime_16.pdf,crime_15.pdf,Updated in latest report
October,2025,SC/ST POA Act,SC/ST POA Act,216,223,crime_16.pdf,crime_15.pdf,Updated in latest report
October,2025,Cyber Crimes,Cyber Crimes,1204,1205,crime_16.pdf,crime_15.pdf,Updated in latest report
October,2025,Economic Offences,Economic Offences,566,567,crime_16.pdf,crime_15.pdf,Updated in latest report
October,2025,MMDR & KMMCR,MMDR Act,4,5,crime_16.pdf,crime_15.pdf,Updated in latest report
November,2025,Murder,Murder for gain,8,9,crime_17.pdf,crime_16.pdf,Updated in latest report
November,2025,Murder,Other Murders,91,90,crime_17.pdf,crime_16.pdf,Updated in latest report
November,2025,Dacoity,Dacoity Cases,18,16,crime_17.pdf,crime_16.pdf,Updated in latest report
November,2025,Robbery,Chain Snatching,30,31,crime_17.pdf,crime_16.pdf,Updated in latest report
November,2025,Robbery,Robbery (Except Chain Snatching),79,77,crime_17.pdf,crime_16.pdf,Updated in latest report
November,2025,Robbery,Total Robbery,109,108,crime_17.pdf,crime_16.pdf,Updated in latest report
November,2025,Burglary,Burglary Night,284,288,crime_17.pdf,crime_16.pdf,Updated in latest report
November,2025,Burglary,Burglary Day,113,112,crime_17.pdf,crime_16.pdf,Updated in latest report
November,2025,Burglary,Total,397,400,crime_17.pdf,crime_16.pdf,Updated in latest report
November,2025,Theft,Reported,1689,1688,crime_17.pdf,crime_16.pdf,Updated in latest report
November,2025,Riots,Riots,244,251,crime_17.pdf,crime_16.pdf,Updated in latest report
November,2025,Hurt,Cases of Hurt,1322,1318,crime_17.pdf,crime_16.pdf,Updated in latest report
November,2025,Special & Local Laws,Special & Local Laws,5129,5190,crime_17.pdf,crime_16.pdf,Updated in latest report
November,2025,Crime against Women,Dowry Death,12,11,crime_17.pdf,crime_16.pdf,Updated in latest report
November,2025,POCSO,POCSO,330,371,crime_17.pdf,crime_16.pdf,Updated in latest report
November,2025,SC/ST POA Act,SC/ST POA Act,216,225,crime_17.pdf,crime_16.pdf,Updated in latest report
November,2025,Motor Vehicles Theft,Motor Vehicles Theft Cases,774,773,crime_17.pdf,crime_16.pdf,Updated in latest report
November,2025,NDPS Cases,NDPS Cases,772,773,crime_17.pdf,crime_16.pdf,Updated in latest report
December,2025,Murder,Other Murders,80,79,crime_17.pdf,crime_1.pdf,Updated in latest report
December,2025,Murder,Total Murder,82,81,crime_17.pdf,crime_1.pdf,Updated in latest report
December,2025,Robbery,Robbery (Except Chain Snatching),61,60,crime_17.pdf,crime_1.pdf,Updated in latest report
December,2025,Robbery,Total Robbery,103,102,crime_17.pdf,crime_1.pdf,Updated in latest report
December,2025,Burglary,Burglary Night,347,345,crime_17.pdf,crime_1.pdf,Updated in latest report
December,2025,Burglary,Total,452,450,crime_17.pdf,crime_1.pdf,Updated in latest report
December,2025,Theft,Reported,1771,1773,crime_17.pdf,crime_1.pdf,Updated in latest report
December,2025,Riots,Riots,292,283,crime_17.pdf,crime_1.pdf,Updated in latest report
December,2025,Hurt,Cases of Hurt,1464,1474,crime_17.pdf,crime_1.pdf,Updated in latest report
December,2025,Special & Local Laws,Special & Local Laws,5711,5642,crime_17.pdf,crime_1.pdf,Updated in latest report
December,2025,Crime against Women,Dowry Death,7,8,crime_17.pdf,crime_1.pdf,Updated in latest report
December,2025,POCSO,POCSO,440,388,crime_17.pdf,crime_1.pdf,Updated in latest report
December,2025,SC/ST POA Act,SC/ST POA Act,249,245,crime_17.pdf,crime_1.pdf,Updated in latest report
December,2025,MMDR & KMMCR,MMDR Act,4,5,crime_17.pdf,crime_1.pdf,Updated in latest report
December,2025,NDPS Cases,NDPS Cases,909,906,crime_17.pdf,crime_1.pdf,Updated in latest report
January,2025.0,Security Cases,Security Cases,1430 | 1418,1424,crime_7.pdf,crime_1.pdf | crime_6.pdf,Updated in latest report
January,2025.0,Security Cases,Total,2278 | 2592,2605,crime_7.pdf,crime_1.pdf | crime_6.pdf,Updated in latest report
February,2025.0,Security Cases,Security Cases,1469 | 1392,1418,crime_8.pdf,crime_2.pdf | crime_7.pdf,Updated in latest report
February,2025.0,Security Cases,Total,3199 | 3072,3122,crime_8.pdf,crime_2.pdf | crime_7.pdf,Updated in latest report
March,2025.0,Security Cases,Security Cases,4256 | 4189,4224,crime_9.pdf,crime_3.pdf | crime_8.pdf,Updated in latest report
March,2025.0,Security Cases,Total,7727 | 7581,7663,crime_9.pdf,crime_3.pdf | crime_8.pdf,Updated in latest report
April,2025.0,Security Cases,Security Cases,2869 | 2835,2848,crime_10.pdf,crime_4.pdf | crime_9.pdf,Updated in latest report
April,2025.0,Security Cases,Total,4898 | 4799,4858,crime_10.pdf,crime_4.pdf | crime_9.pdf,Updated in latest report
May,2025.0,Security Cases,Security Cases,3817 | 3759,3782,crime_11.pdf,crime_5.pdf | crime_10.pdf,Updated in latest report
May,2025.0,Security Cases,Total,7881 | 7755,7826,crime_11.pdf,crime_5.pdf | crime_10.pdf,Updated in latest report
June,2025.0,Security Cases,Security Cases,2948,1490,crime_12.pdf,crime_11.pdf,Updated in latest report
June,2025.0,Security Cases,Total,4426,2989,crime_12.pdf,crime_11.pdf,Updated in latest report
July,2025.0,Security Cases,Security Cases,1841,1855,crime_13.pdf,crime_12.pdf,Updated in latest report
July,2025.0,Security Cases,Total,3047,3075,crime_13.pdf,crime_12.pdf,Updated in latest report
August,2025.0,Security Cases,Security Cases,3870 | 3932,3932,crime_14.pdf,crime_13.pdf | crime_14.pdf,Updated in latest report
August,2025.0,Security Cases,Total,6750 | 6865,6865,crime_14.pdf,crime_13.pdf | crime_14.pdf,Updated in latest report
September,2025.0,Security Cases,Security Cases,1028,1047,crime_15.pdf,crime_14.pdf,Updated in latest report
September,2025.0,Security Cases,Total,1786,1821,crime_15.pdf,crime_14.pdf,Updated in latest report
October,2025.0,Security Cases,Security Cases,1454,1479,crime_16.pdf,crime_15.pdf,Updated in latest report
October,2025.0,Security Cases,Total,2169,2215,crime_16.pdf,crime_15.pdf,Updated in latest report
November,2025.0,Security Cases,Security Cases,1148,1176,crime_17.pdf,crime_16.pdf,Updated in latest report
November,2025.0,Security Cases,Total,1866,1917,crime_17.pdf,crime_16.pdf,Updated in latest report
December,2025.0,Security Cases,Security Cases,1121,1120,crime_17.pdf,crime_1.pdf,Updated in latest report
December,2025.0,Security Cases,Total,2033,2022,crime_17.pdf,crime_1.pdf,Updated in latest report
January,2026,Murder,Other Murders,93,95,crime_2.pdf,crime_1.pdf,Updated in latest report
January,2026,Murder,Total Murder,98,100,crime_2.pdf,crime_1.pdf,Updated in latest report
January,2026,Robbery,Chain Snatching,29,27,crime_2.pdf,crime_1.pdf,Updated in latest report
January,2026,Robbery,Robbery (Except Chain Snatching),63,64,crime_2.pdf,crime_1.pdf,Updated in latest report
January,2026,Robbery,Total Robbery,92,91,crime_2.pdf,crime_1.pdf,Updated in latest report
January,2026,Burglary,Burglary Night,356,355,crime_2.pdf,crime_1.pdf,Updated in latest report
January,2026,Burglary,Burglary Day,85,86,crime_2.pdf,crime_1.pdf,Updated in latest report
January,2026,Theft,Reported,1742,1745,crime_2.pdf,crime_1.pdf,Updated in latest report
January,2026,Riots,Riots,319,318,crime_2.pdf,crime_1.pdf,Updated in latest report
January,2026,Hurt,Cases of Hurt,1437,1445,crime_2.pdf,crime_1.pdf,Updated in latest report
January,2026,Special & Local Laws,Special & Local Laws,5857,5930,crime_2.pdf,crime_1.pdf,Updated in latest report
January,2026,Crime against Women,Dowry Death,11,12,crime_2.pdf,crime_1.pdf,Updated in latest report
January,2026,POCSO,POCSO,316,361,crime_2.pdf,crime_1.pdf,Updated in latest report
January,2026,SC/ST POA Act,SC/ST POA Act,223,225,crime_2.pdf,crime_1.pdf,Updated in latest report
January,2026,Economic Offences,Economic Offences,470,471,crime_2.pdf,crime_1.pdf,Updated in latest report
January,2026,MMDR & KMMCR,KMMC Rules,2,0,crime_2.pdf,crime_1.pdf,Updated in latest report
January,2026,Motor Vehicles Theft,Motor Vehicles Theft Cases,767,766,crime_2.pdf,crime_1.pdf,Updated in latest report
January,2026,NDPS Cases,NDPS Cases,1397,1398,crime_2.pdf,crime_1.pdf,Updated in latest report
February,2026,Murder,Murder for gain,3,4,crime_3.pdf,crime_2.pdf,Updated in latest report
February,2026,Murder,Other Murders,70,72,crime_3.pdf,crime_2.pdf,Updated in latest report
February,2026,Murder,Total Murder,73,76,crime_3.pdf,crime_2.pdf,Updated in latest report
February,2026,Dacoity,Dacoity Cases,14,13,crime_3.pdf,crime_2.pdf,Updated in latest report
February,2026,Robbery,Robbery (Except Chain Snatching),53,52,crime_3.pdf,crime_2.pdf,Updated in latest report
February,2026,Robbery,Total Robbery,86,85,crime_3.pdf,crime_2.pdf,Updated in latest report
February,2026,Burglary,Burglary Night,291,295,crime_3.pdf,crime_2.pdf,Updated in latest report
February,2026,Burglary,Burglary Day,89,90,crime_3.pdf,crime_2.pdf,Updated in latest report
February,2026,Burglary,Total,380,385,crime_3.pdf,crime_2.pdf,Updated in latest report
February,2026,Theft,Reported,1637,1633,crime_3.pdf,crime_2.pdf,Updated in latest report
February,2026,Special & Local Laws,Special & Local Laws,5304,5364,crime_3.pdf,crime_2.pdf,Updated in latest report
February,2026,POCSO,POCSO,341,386,crime_3.pdf,crime_2.pdf,Updated in latest report
February,2026,SC/ST POA Act,SC/ST POA Act,203,213,crime_3.pdf,crime_2.pdf,Updated in latest report
February,2026,Cyber Crimes,Cyber Crimes,1028,1029,crime_3.pdf,crime_2.pdf,Updated in latest report
February,2026,Economic Offences,Economic Offences,633,635,crime_3.pdf,crime_2.pdf,Updated in latest report
March,2026,Murder,Other Murders,103,110,crime_4.pdf,crime_3.pdf,Updated in latest report
March,2026,Murder,Total Murder,104,111,crime_4.pdf,crime_3.pdf,Updated in latest report
March,2026,Dacoity,Dacoity Cases,18,20,crime_4.pdf,crime_3.pdf,Updated in latest report
March,2026,Robbery,Chain Snatching,38,39,crime_4.pdf,crime_3.pdf,Updated in latest report
March,2026,Robbery,Robbery (Except Chain Snatching),64,63,crime_4.pdf,crime_3.pdf,Updated in latest report
March,2026,Burglary,Burglary Night,267,266,crime_4.pdf,crime_3.pdf,Updated in latest report
March,2026,Burglary,Burglary Day,78,79,crime_4.pdf,crime_3.pdf,Updated in latest report
March,2026,Theft,Reported,1713,1711,crime_4.pdf,crime_3.pdf,Updated in latest report
March,2026,Riots,Riots,332,329,crime_4.pdf,crime_3.pdf,Updated in latest report
March,2026,Hurt,Cases of Hurt,1784,1780,crime_4.pdf,crime_3.pdf,Updated in latest report
March,2026,Special & Local Laws,Special & Local Laws,6726,6796,crime_4.pdf,crime_3.pdf,Updated in latest report
March,2026,Crime against Women,Rape,48,51,crime_4.pdf,crime_3.pdf,Updated in latest report
March,2026,POCSO,POCSO,368,422,crime_4.pdf,crime_3.pdf,Updated in latest report
March,2026,SC/ST POA Act,SC/ST POA Act,225,230,crime_4.pdf,crime_3.pdf,Updated in latest report
March,2026,Cyber Crimes,Cyber Crimes,1013,1012,crime_4.pdf,crime_3.pdf,Updated in latest report
March,2026,Economic Offences,Economic Offences,494,495,crime_4.pdf,crime_3.pdf,Updated in latest report
March,2026,NDPS Cases,NDPS Cases,1017,1018,crime_4.pdf,crime_3.pdf,Updated in latest report
April,2026,Murder,Murder for gain,1,2,crime_5.pdf,crime_4.pdf,Updated in latest report
April,2026,Murder,Total Murder,78,79,crime_5.pdf,crime_4.pdf,Updated in latest report
April,2026,Dacoity,Dacoity Cases,7,8,crime_5.pdf,crime_4.pdf,Updated in latest report
April,2026,Robbery,Chain Snatching,30,31,crime_5.pdf,crime_4.pdf,Updated in latest report
April,2026,Robbery,Robbery (Except Chain Snatching),52,50,crime_5.pdf,crime_4.pdf,Updated in latest report
April,2026,Robbery,Total Robbery,82,81,crime_5.pdf,crime_4.pdf,Updated in latest report
April,2026,Burglary,Burglary Night,323,329,crime_5.pdf,crime_4.pdf,Updated in latest report
April,2026,Burglary,Total,397,403,crime_5.pdf,crime_4.pdf,Updated in latest report
April,2026,Theft,Reported,1694,1685,crime_5.pdf,crime_4.pdf,Updated in latest report
April,2026,Riots,Riots,342,343,crime_5.pdf,crime_4.pdf,Updated in latest report
April,2026,Hurt,Cases of Hurt,1756,1758,crime_5.pdf,crime_4.pdf,Updated in latest report
April,2026,Special & Local Laws,Special & Local Laws,5395,5463,crime_5.pdf,crime_4.pdf,Updated in latest report
April,2026,Crime against Women,Rape,56,54,crime_5.pdf,crime_4.pdf,Updated in latest report
April,2026,POCSO,POCSO,394,445,crime_5.pdf,crime_4.pdf,Updated in latest report
April,2026,SC/ST POA Act,SC/ST POA Act,237,245,crime_5.pdf,crime_4.pdf,Updated in latest report
April,2026,Cyber Crimes,Cyber Crimes,928,927,crime_5.pdf,crime_4.pdf,Updated in latest report
April,2026,Economic Offences,Economic Offences,546,543,crime_5.pdf,crime_4.pdf,Updated in latest report
April,2026,Motor Vehicles Theft,Motor Vehicles Theft Cases,804,802,crime_5.pdf,crime_4.pdf,Updated in latest report
January,2026.0,Security Cases,Security Cases,1361,1369,crime_2.pdf,crime_1.pdf,Updated in latest report
January,2026.0,Security Cases,Total,2330,2353,crime_2.pdf,crime_1.pdf,Updated in latest report
February,2026.0,Security Cases,Security Cases,1522,1532,crime_3.pdf,crime_2.pdf,Updated in latest report
February,2026.0,Security Cases,Total,3155,3206,crime_3.pdf,crime_2.pdf,Updated in latest report
March,2026.0,Security Cases,Security Cases,2702,2724,crime_4.pdf,crime_3.pdf,Updated in latest report
March,2026.0,Security Cases,Total,5052,5096,crime_4.pdf,crime_3.pdf,Updated in latest report
April,2026.0,Security Cases,Security Cases,1760,1776,crime_5.pdf,crime_4.pdf,Updated in latest report
April,2026.0,Security Cases,Total,3419,3441,crime_5.pdf,crime_4.pdf,Updated in latest report
September,October,Burglary,Burglary Night,454,378,crime_40.pdf,crime_40.pdf,Updated in latest report
September,October,Burglary,Burglary Day,87,70,crime_40.pdf,crime_40.pdf,Updated in latest report
September,October,Burglary,Total,541,448,crime_40.pdf,crime_40.pdf,Updated in latest report
November,October,Burglary,Burglary Night,381,386,crime_41.pdf,crime_41.pdf,Updated in latest report
November,October,Burglary,Total,473,478,crime_41.pdf,crime_41.pdf,Updated in latest report
